,address,line_1,line_2,postal
0,555 CEDAR AVE S100 MILE HOUSE BC V0K 2E0,555 CEDAR AVE S,100 MILE HOUSE BC V0K 2E0,V0K 2E0
1,812 CARIBOO TRAIL100 MILE HOUSE BC V0K 2E0,812 CARIBOO TRAIL,100 MILE HOUSE BC V0K 2E0,V0K 2E0
2,1919 JACKSON STABBOTSFORD BC V2S 2Z8,1919 JACKSON ST,ABBOTSFORD BC V2S 2Z8,V2S 2Z8
3,2021 PRIMROSE STABBOTSFORD BC V2S 2Y9,2021 PRIMROSE ST,ABBOTSFORD BC V2S 2Y9,V2S 2Y9
4,2510 GLADWIN RDABBOTSFORD BC V2T 3N9,2510 GLADWIN RD,ABBOTSFORD BC V2T 3N9,V2T 3N9
5,3055 PRINCESS STABBOTSFORD BC V2T 4A8,3055 PRINCESS ST,ABBOTSFORD BC V2T 4A8,V2T 4A8
6,30961 BROOKDALE CRTABBOTSFORD BC V2T 5S3,30961 BROOKDALE CRT,ABBOTSFORD BC V2T 5S3,V2T 5S3
7,31944 SUNRISE CRESABBOTSFORD BC V2T 1N5,31944 SUNRISE CRES,ABBOTSFORD BC V2T 1N5,V2T 1N5
8,31954 SUNRISE CRESABBOTSFORD BC V2T 1N6,31954 SUNRISE CRES,ABBOTSFORD BC V2T 1N6,V2T 1N6
9,32073 SHERWOOD CRESABBOTSFORD BC V2T 1C1,32073 SHERWOOD CRES,ABBOTSFORD BC V2T 1C1,V2T 1C1
10,32910 BRUNDIGE AVEABBOTSFORD BC V2S 1N2,32910 BRUNDIGE AVE,ABBOTSFORD BC V2S 1N2,V2S 1N2
11,32945 MARSHALL RDABBOTSFORD BC V2S 1K1,32945 MARSHALL RD,ABBOTSFORD BC V2S 1K1,V2S 1K1
12,33386 BEVAN AVEABBOTSFORD BC V2S 5G6,33386 BEVAN AVE,ABBOTSFORD BC V2S 5G6,V2S 5G6
13,33433 MARSHALL RDABBOTSFORD BC V2S 1K8,33433 MARSHALL RD,ABBOTSFORD BC V2S 1K8,V2S 1K8
14,33457 COTTAGE LANEABBOTSFORD BC V2S 0B3,33457 COTTAGE LANE,ABBOTSFORD BC V2S 0B3,V2S 0B3
15,4212 BALMORAL STABBOTSFORD BC V4X 1Y5,4212 BALMORAL ST,ABBOTSFORD BC V4X 1Y5,V4X 1Y5
16,1458 GLENWOOD DRAGASSIZ BC V0M 1A3,1458 GLENWOOD DR,AGASSIZ BC V0M 1A3,V0M 1A3
17,1525 MACKAY CRESAGASSIZ BC V0M 1A3,1525 MACKAY CRES,AGASSIZ BC V0M 1A3,V0M 1A3
18,27477 28TH AVEALDERGROVE BC V4W 3L9,27477 28TH AVE,ALDERGROVE BC V4W 3L9,V4W 3L9
19,49 SCHOOL RDALERT BAY BC V0N 1A0,49 SCHOOL RD,ALERT BAY BC V0N 1A0,V0N 1A0
20,2865 WILLOWDALE DRARMSTRONG BC V0E 1B1,2865 WILLOWDALE DR,ARMSTRONG BC V0E 1B1,V0E 1B1
21,3800 PATTEN DRARMSTRONG BC V0E 1B2,3800 PATTEN DR,ARMSTRONG BC V0E 1B2,V0E 1B2
22,700 ASH-CACHE CREEK HWYASHCROFT BC V0K 1A0,700 ASH-CACHE CREEK HWY,ASHCROFT BC V0K 1A0,V0K 1A0
23,710 ELM STASHCROFT BC V0K 1A0,710 ELM ST,ASHCROFT BC V0K 1A0,V0K 1A0
24,"BOX 212, 4557 BARRIERE TOWN RDBARRIERE BC V0E 1E0","BOX 212, 4557 BARRIERE TOWN RD",BARRIERE BC V0E 1E0,V0E 1E0
25,88 WAGLISLA STBELLA BELLA BC V0T 1Z0,88 WAGLISLA ST,BELLA BELLA BC V0T 1Z0,V0T 1Z0
26,1025 ELCHO STBELLA COOLA BC V0T 1C0,1025 ELCHO ST,BELLA COOLA BC V0T 1C0,V0T 1C0
27,1167 STELLY'S CROSS RDBRENTWOOD BAY BC V8M 1H4,1167 STELLY'S CROSS RD,BRENTWOOD BAY BC V8M 1H4,V8M 1H4
28,1336 MARCHANT RDBRENTWOOD BAY BC V8M 1G5,1336 MARCHANT RD,BRENTWOOD BAY BC V8M 1G5,V8M 1G5
29,1850 ROSSER AVEBURNABY BC V5C 5E1,1850 ROSSER AVE,BURNABY BC V5C 5E1,V5C 5E1
30,3460 KALYK AVEBURNABY BC V5G 3B2,3460 KALYK AVE,BURNABY BC V5G 3B2,V5G 3B2
31,3730 BURKE STBURNABY BC V5G 4H7,3730 BURKE ST,BURNABY BC V5G 4H7,V5G 4H7
32,3755 MCGILL STBURNABY BC V5C 1M2,3755 MCGILL ST,BURNABY BC V5C 1M2,V5C 1M2
33,4110 NORFOLK STBURNABY BC V5G 0C1,4110 NORFOLK ST,BURNABY BC V5G 0C1,V5G 0C1
34,4155 NORLAND AVEBURNABY BC V5G 3S7,4155 NORLAND AVE,BURNABY BC V5G 3S7,V5G 3S7
35,4175 NORLAND AVEBURNABY BC V5G 3S7,4175 NORLAND AVE,BURNABY BC V5G 3S7,V5G 3S7
36,4435 GRANGE STBURNABY BC V5H 1P4,4435 GRANGE ST,BURNABY BC V5H 1P4,V5H 1P4
37,6050 HASTINGS STBURNABY BC V5B 1R6,6050 HASTINGS ST,BURNABY BC V5B 1R6,V5B 1R6
38,6680 SOUTHOAKS CRESBURNABY BC V5E 4N3,6680 SOUTHOAKS CRES,BURNABY BC V5E 4N3,V5E 4N3
39,7195 CANADA WAYBURNABY BC V5E 3R7,7195 CANADA WAY,BURNABY BC V5E 3R7,V5E 3R7
40,7230 HALIFAX STBURNABY BC V5A 0B2,7230 HALIFAX ST,BURNABY BC V5A 0B2,V5A 0B2
41,7232 NEW VISTA PLBURNABY BC V5E 3Z3,7232 NEW VISTA PL,BURNABY BC V5E 3Z3,V5E 3Z3
42,7451 SUSSEX AVEBURNABY BC V5J 5C2,7451 SUSSEX AVE,BURNABY BC V5J 5C2,V5J 5C2
43,7550 CUMBERLAND STBURNABY BC V3N 3X5,7550 CUMBERLAND ST,BURNABY BC V3N 3X5,V3N 3X5
44,7557 SUSSEX AVEBURNABY BC V5J 3V6,7557 SUSSEX AVE,BURNABY BC V5J 3V6,V5J 3V6
45,7725 4TH STBURNABY BC V3N 5B6,7725 4TH ST,BURNABY BC V3N 5B6,V3N 5B6
46,7899 17TH AVEBURNABY BC V3N 1M1,7899 17TH AVE,BURNABY BC V3N 1M1,V3N 1M1
47,53 9TH AVEBURNS LAKE BC V0J 1E0,53 9TH AVE,BURNS LAKE BC V0J 1E0,V0J 1E0
48,"Box 7500, 800 CENTRE STBURNS LAKE BC V0J 1E0","Box 7500, 800 CENTRE ST",BURNS LAKE BC V0J 1E0,V0J 1E0
49,1351 IRONWOOD STCAMPBELL RIVER BC V9W 5Z7,1351 IRONWOOD ST,CAMPBELL RIVER BC V9W 5Z7,V9W 5Z7
50,1353 16TH AVECAMPBELL RIVER BC V9W 0C4,1353 16TH AVE,CAMPBELL RIVER BC V9W 0C4,V9W 0C4
51,555 2ND AVECAMPBELL RIVER BC V9W 3V1,555 2ND AVE,CAMPBELL RIVER BC V9W 3V1,V9W 3V1
52,635 EVERGREEN RDCAMPBELL RIVER BC V9W 3R7,635 EVERGREEN RD,CAMPBELL RIVER BC V9W 3R7,V9W 3R7
53,850 14TH AVECAMPBELL RIVER BC V9W 4H4,850 14TH AVE,CAMPBELL RIVER BC V9W 4H4,V9W 4H4
54,2300 14TH AVECASTLEGAR BC V1N 4A6,2300 14TH AVE,CASTLEGAR BC V1N 4A6,V1N 4A6
55,525 COLUMBIA AVECASTLEGAR BC V1N 1G7,525 COLUMBIA AVE,CASTLEGAR BC V1N 1G7,V1N 1G7
56,709 10TH STCASTLEGAR BC V1N 2H7,709 10TH ST,CASTLEGAR BC V1N 2H7,V1N 2H7
57,6188 VLA RDCHASE BC V0E 1M1,6188 VLA RD,CHASE BC V0E 1M1,V0E 1M1
58,743 OKANAGAN AVECHASE BC V0E 1M0,743 OKANAGAN AVE,CHASE BC V0E 1M0,V0E 1M0
59,"P.O. 499, 9909 ESPLANADE STCHEMAINUS BC V0R 1K1","P.O. 499, 9909 ESPLANADE ST",CHEMAINUS BC V0R 1K1,V0R 1K1
60,9910 ESPLANADE STCHEMAINUS BC V0R 1K1,9910 ESPLANADE ST,CHEMAINUS BC V0R 1K1,V0R 1K1
61,5353 47TH AVECHETWYND BC V0C 1J0,5353 47TH AVE,CHETWYND BC V0C 1J0,V0C 1J0
62,5500 HOSPITAL RDCHETWYND BC V0C 1J0,5500 HOSPITAL RD,CHETWYND BC V0C 1J0,V0C 1J0
63,45450 MENHOLM RDCHILLIWACK BC V2P 1M2,45450 MENHOLM RD,CHILLIWACK BC V2P 1M2,V2P 1M2
64,45586 MCINTOSH DRCHILLIWACK BC V2P 7W8,45586 MCINTOSH DR,CHILLIWACK BC V2P 7W8,V2P 7W8
65,45600 MENHOLM RDCHILLIWACK BC V2P 1P7,45600 MENHOLM RD,CHILLIWACK BC V2P 1P7,V2P 1P7
66,45650 PATTEN AVECHILLIWACK BC V2P 1S4,45650 PATTEN AVE,CHILLIWACK BC V2P 1S4,V2P 1S4
67,7519 TOPAZ DRCHILLIWACK BC V2R 0E8,7519 TOPAZ DR,CHILLIWACK BC V2R 0E8,V2R 0E8
68,7525 TOPAZ DRCHILLIWACK BC V2R 3C9,7525 TOPAZ DR,CHILLIWACK BC V2R 3C9,V2R 3C9
69,8445 YOUNG RDCHILLIWACK BC V2P 4P2,8445 YOUNG RD,CHILLIWACK BC V2P 4P2,V2P 4P2
70,9100 CHARLES STCHILLIWACK BC V2P 5K6,9100 CHARLES ST,CHILLIWACK BC V2P 5K6,V2P 5K6
71,UNIT 2 8920 BROADWAY STCHILLIWACK BC V2P 5W1,UNIT 2 8920 BROADWAY ST,CHILLIWACK BC V2P 5W1,V2P 5W1
72,640 PARK DRCLEARWATER BC V0E 1N1,640 PARK DR,CLEARWATER BC V0E 1N1,V0E 1N1
73,1700 COMOX AVECOMOX BC V9M 4H4,1700 COMOX AVE,COMOX BC V9M 4H4,V9M 4H4
74,2137 COMOX AVECOMOX BC V9M 1P2,2137 COMOX AVE,COMOX BC V9M 1P2,V9M 1P2
75,1010 ALDERSON AVECOQUITLAM BC V3K 1W1,1010 ALDERSON AVE,COQUITLAM BC V3K 1W1,V3K 1W1
76,1131 DUFFERIN STCOQUITLAM BC V3B 7X5,1131 DUFFERIN ST,COQUITLAM BC V3B 7X5,V3B 7X5
77,1399 FOSTER AVECOQUITLAM BC V3J 2N1,1399 FOSTER AVE,COQUITLAM BC V3J 2N1,V3J 2N1
78,1419 CARTIER AVECOQUITLAM BC V3K 2C6,1419 CARTIER AVE,COQUITLAM BC V3K 2C6,V3K 2C6
79,657 GATENSBURY STCOQUITLAM BC V3J 5C9,657 GATENSBURY ST,COQUITLAM BC V3J 5C9,V3J 5C9
80,739 ALDERSON AVECOQUITLAM BC V3K 7B3,739 ALDERSON AVE,COQUITLAM BC V3K 7B3,V3K 7B3
81,750 DELESTRE AVECOQUITLAM BC V3K 0A1,750 DELESTRE AVE,COQUITLAM BC V3K 0A1,V3K 0A1
82,2450 BACK RDCOURTENAY BC V9N 8B5,2450 BACK RD,COURTENAY BC V9N 8B5,V9N 8B5
83,4640 HEADQUARTERS RDCOURTENAY BC V9N 7J3,4640 HEADQUARTERS RD,COURTENAY BC V9N 7J3,V9N 7J3
84,4646 HEADQUARTERS RDCOURTENAY BC V9N 7J3,4646 HEADQUARTERS RD,COURTENAY BC V9N 7J3,V9N 7J3
85,1700 4TH ST SCRANBROOK BC V1C 6E1,1700 4TH ST S,CRANBROOK BC V1C 6E1,V1C 6E1
86,1901 WILLOWBROOK DRCRANBROOK BC V1C 6S4,1901 WILLOWBROOK DR,CRANBROOK BC V1C 6S4,V1C 6S4
87,620 KOOTENAY ST NCRANBROOK BC V1C 3T9,620 KOOTENAY ST N,CRANBROOK BC V1C 3T9,V1C 3T9
88,800 CAVELL ST RR4CRESTON BC V0B 1G4,800 CAVELL ST RR4,CRESTON BC V0B 1G4,V0B 1G4
89,818 VANCOUVER STCRESTON BC V0B 1G0,818 VANCOUVER ST,CRESTON BC V0B 1G0,V0B 1G0
90,"Box 400, 2696 WINDERMERE AVECUMBERLAND BC V0R 1S0","Box 400, 2696 WINDERMERE AVE",CUMBERLAND BC V0R 1S0,V0R 1S0
91,3209 OCEANVIEW DRDAAJING GIIDS BC V0T 1S0,3209 OCEANVIEW DR,DAAJING GIIDS BC V0T 1S0,V0T 1S0
92,1121 90TH AVEDAWSON CREEK BC V1G 5A3,1121 90TH AVE,DAWSON CREEK BC V1G 5A3,V1G 5A3
93,3820 ARTHUR DRDELTA BC V4K 3N2,3820 ARTHUR DR,DELTA BC V4K 3N2,V4K 3N2
94,5440 10TH AVEDELTA BC V4M 3X8,5440 10TH AVE,DELTA BC V4M 3X8,V4M 3X8
95,5800 MOUNTAIN VIEWBLVDDELTA BC V4K 3V6,5800 MOUNTAIN VIEWBLVD,DELTA BC V4K 3V6,V4K 3V6
96,6771 120TH STDELTA BC V4E 2A7,6771 120TH ST,DELTA BC V4E 2A7,V4E 2A7
97,9321 BURNS DRDELTA BC V4K 3N3,9321 BURNS DR,DELTA BC V4K 3N3,V4K 3N3
98,250 CAIRNSMORE STDUNCAN BC V9L 4H2,250 CAIRNSMORE ST,DUNCAN BC V9L 4H2,V9L 4H2
99,3243 COWICHAN LAKE RDDUNCAN BC V9L 4B8,3243 COWICHAN LAKE RD,DUNCAN BC V9L 4B8,V9L 4B8
100,361 BUNDOCK AVEDUNCAN BC V9L 3P1,361 BUNDOCK AVE,DUNCAN BC V9L 3P1,V9L 3P1
101,5478 NORMANDY RDDUNCAN BC V9L 6G2,5478 NORMANDY RD,DUNCAN BC V9L 6G2,V9L 6G2
102,5755 ALLENBY RDDUNCAN BC V9L 0E6,5755 ALLENBY RD,DUNCAN BC V9L 0E6,V9L 0E6
103,5950 YORK RDDUNCAN BC V9L 4Y2,5950 YORK RD,DUNCAN BC V9L 4Y2,V9L 4Y2
104,707 3RD AVEENDERBY BC V0E 1V0,707 3RD AVE,ENDERBY BC V0E 1V0,V0E 1V0
105,952 ARM STESQUIMALT BC V9A 4G7,952 ARM ST,ESQUIMALT BC V9A 4G7,V9A 4G7
106,55 COKATO RDFERNIE BC V0B 1M4,55 COKATO RD,FERNIE BC V0B 1M4,V0B 1M4
107,5315 LIARD STFORT NELSON BC V0C 1R0,5315 LIARD ST,FORT NELSON BC V0C 1R0,V0C 1R0
108,9824 106TH AVEFORT SAINT JOHN BC V1J 2N7,9824 106TH AVE,FORT SAINT JOHN BC V1J 2N7,V1J 2N7
109,8407 112TH AVEFORT ST JOHN BC V1J 0J5,8407 112TH AVE,FORT ST JOHN BC V1J 0J5,V1J 0J5
110,600 STUART DR EFORT ST. JAMES BC V0J 1P0,600 STUART DR E,FORT ST. JAMES BC V0J 1P0,V0J 1P0
111,585 SHAW RDGIBSONS BC V0N 1V8,585 SHAW RD,GIBSONS BC V0N 1V8,V0N 1V8
112,750 8TH AVE SGOLDEN BC V0A 1H0,750 8TH AVE S,GOLDEN BC V0A 1H0,V0A 1H0
113,803 9TH ST SGOLDEN BC V0A 1H0,803 9TH ST S,GOLDEN BC V0A 1H0,V0A 1H0
114,2350 72ND AVEGRAND FORKS BC V0H 1H4,2350 72ND AVE,GRAND FORKS BC V0H 1H4,V0H 1H4
115,7130 9TH STGRAND FORKS BC V0H 1H4,7130 9TH ST,GRAND FORKS BC V0H 1H4,V0H 1H4
116,2510 WEST HWY 62HAZELTON BC V0J 1Y0,2510 WEST HWY 62,HAZELTON BC V0J 1Y0,V0J 1Y0
117,4780 JANZE WAYHAZELTON BC V0J 1Y0,4780 JANZE WAY,HAZELTON BC V0J 1Y0,V0J 1Y0
118,1275 7TH AVEHOPE BC V0X 1L4,1275 7TH AVE,HOPE BC V0X 1L4,V0X 1L4
119,765 OLD HOPE PRINCETON WAYHOPE BC V0X 1L4,765 OLD HOPE PRINCETON WAY,HOPE BC V0X 1L4,V0X 1L4
120,2261 COPELAND AVEHOUSTON BC V0J 1Z0,2261 COPELAND AVE,HOUSTON BC V0J 1Z0,V0J 1Z0
121,3202 14TH STHOUSTON BC V0J 1Z0,3202 14TH ST,HOUSTON BC V0J 1Z0,V0J 1Z0
122,1030 10TH STINVERMERE BC V0A 1K0,1030 10TH ST,INVERMERE BC V0A 1K0,V0A 1K0
123,"800 10TH AVE, PO BOX 578INVERMERE BC V0A 1K0 ","800 10TH AVE, PO BOX 578",INVERMERE BC V0A 1K0 ,0A 1K0 
124,1220 HUGH ALLAN DRKAMLOOPS BC V1S 2B3,1220 HUGH ALLAN DR,KAMLOOPS BC V1S 2B3,V1S 2B3
125,1955 TRANQUILLE RDKAMLOOPS BC V2B 3M4,1955 TRANQUILLE RD,KAMLOOPS BC V2B 3M4,V2B 3M4
126,313 MCGOWAN STKAMLOOPS BC V2B 2N8,313 MCGOWAN ST,KAMLOOPS BC V2B 2N8,V2B 2N8
127,3255 OVERLANDER DRKAMLOOPS BC V2B 0A5,3255 OVERLANDER DR,KAMLOOPS BC V2B 0A5,V2B 0A5
128,425 COLUMBIA STKAMLOOPS BC V2C 2T4,425 COLUMBIA ST,KAMLOOPS BC V2C 2T4,V2C 2T4
129,529 SEYMOUR STKAMLOOPS BC V2C 0A1,529 SEYMOUR ST,KAMLOOPS BC V2C 0A1,V2C 0A1
130,60 WHITESHIELD CRES SKAMLOOPS BC V2E 2S9,60 WHITESHIELD CRES S,KAMLOOPS BC V2E 2S9,V2E 2S9
131,628 TRANQUILLE RDKAMLOOPS BC V2B 3H6,628 TRANQUILLE RD,KAMLOOPS BC V2B 3H6,V2B 3H6
132,920 DESMOND STKAMLOOPS BC V2B 5K6,920 DESMOND ST,KAMLOOPS BC V2B 5K6,V2B 5K6
133,953 SOUTHILL STKAMLOOPS BC V2B 7Z9,953 SOUTHILL ST,KAMLOOPS BC V2B 7Z9,V2B 7Z9
134,673A AVEKASLO BC V0G 1M0,673A AVE,KASLO BC V0G 1M0,V0G 1M0
135,1449 KELGLEN CRESKELOWNA BC V1Y 8P4,1449 KELGLEN CRES,KELOWNA BC V1Y 8P4,V1Y 8P4
136,1450 SUTHERLAND AVEKELOWNA BC V1Y 5Y5,1450 SUTHERLAND AVE,KELOWNA BC V1Y 5Y5,V1Y 5Y5
137,1540 K.L.O. RDKELOWNA BC V1W 3P6,1540 K.L.O. RD,KELOWNA BC V1W 3P6,V1W 3P6
138,1831 PARKVIEW CRESKELOWNA BC V1X 7G7,1831 PARKVIEW CRES,KELOWNA BC V1X 7G7,V1X 7G7
139,2081 CROSS RDKELOWNA BC V1V 2G2,2081 CROSS RD,KELOWNA BC V1V 2G2,V1V 2G2
140,2255 ETHEL STKELOWNA BC V1Y 2Z9,2255 ETHEL ST,KELOWNA BC V1Y 2Z9,V1Y 2Z9
141,3081 HALL RDKELOWNA BC V1W 2R5,3081 HALL RD,KELOWNA BC V1W 2R5,V1W 2R5
142,325 DRYSDALE BLVDKELOWNA BC V1V 1P5,325 DRYSDALE BLVD,KELOWNA BC V1V 1P5,V1V 1P5
143,355 TERAI CRTKELOWNA BC V1X 5X6,355 TERAI CRT,KELOWNA BC V1X 5X6,V1X 5X6
144,3630 BROWN RDKELOWNA BC V4T 7Y9,3630 BROWN RD,KELOWNA BC V4T 7Y9,V4T 7Y9
145,700 RUTLAND RD NKELOWNA BC V1X 7W8,700 RUTLAND RD N,KELOWNA BC V1X 7W8,V1X 7W8
146,726 VALLEY RDKELOWNA BC V1V 0E9,726 VALLEY RD,KELOWNA BC V1V 0E9,V1V 0E9
147,867 K.L.O. RDKELOWNA BC V1Y 9G5,867 K.L.O. RD,KELOWNA BC V1Y 9G5,V1Y 9G5
148,934 BERNARD AVEKELOWNA BC V1Y 6P8,934 BERNARD AVE,KELOWNA BC V1Y 6P8,V1Y 6P8
149,962-964 LAURIER AVEKELOWNA BC V1Y 6B1,962-964 LAURIER AVE,KELOWNA BC V1Y 6B1,V1Y 6B1
150,700 3RD STKEREMEOS BC V0X 1N3,700 3RD ST,KEREMEOS BC V0X 1N3,V0X 1N3
151,720 3RD STKEREMEOS BC V0X 1N3,720 3RD ST,KEREMEOS BC V0X 1N3,V0X 1N3
152,280 4TH AVEKIMBERLEY BC V1A 2R6,280 4TH AVE,KIMBERLEY BC V1A 2R6,V1A 2R6
153,386 2ND AVEKIMBERLEY BC V1A 2P6,386 2ND AVE,KIMBERLEY BC V1A 2P6,V1A 2P6
154,701 MOUNTAINVIEW SQUAREKITIMAT BC V8C 2N1,701 MOUNTAINVIEW SQUARE,KITIMAT BC V8C 2N1,V8C 2N1
155,920 LAHAKAS BLVD SKITIMAT BC V8C 2S3,920 LAHAKAS BLVD S,KITIMAT BC V8C 2S3,V8C 2S3
156,1127 4TH AVELADYSMITH BC V9G 1A6,1127 4TH AVE,LADYSMITH BC V9G 1A6,V9G 1A6
157,1211 CLOKE RDLADYSMITH BC V9G 2B6,1211 CLOKE RD,LADYSMITH BC V9G 2B6,V9G 2B6
158,100-9509 MAIN STLAKE COUNTRY BC V4V 2N3,100-9509 MAIN ST,LAKE COUNTRY BC V4V 2N3,V4V 2N3
159,567 GOLDSTREAM AVELANGFORD BC V9B 2W4,567 GOLDSTREAM AVE,LANGFORD BC V9B 2W4,V9B 2W4
160,20363 65TH AVELANGLEY BC V2Y 3E3,20363 65TH AVE,LANGLEY BC V2Y 3E3,V2Y 3E3
161,20899 DOUGLAS CRESLANGLEY BC V3A 9L3,20899 DOUGLAS CRES,LANGLEY BC V3A 9L3,V3A 9L3
162,21616 52ND AVELANGLEY BC V2Y 1L7,21616 52ND AVE,LANGLEY BC V2Y 1L7,V2Y 1L7
163,22051 FRASER HWYLANGLEY BC V4H 4H4,22051 FRASER HWY,LANGLEY BC V4H 4H4,V4H 4H4
164,3920 198 STLANGLEY BC V3A 1E1,3920 198 ST,LANGLEY BC V3A 1E1,V3A 1E1
165,5451 204TH STLANGLEY BC V3A 5M9,5451 204TH ST,LANGLEY BC V3A 5M9,V3A 5M9
166,5464 203RD STLANGLEY BC V3A 0A4,5464 203RD ST,LANGLEY BC V3A 0A4,V3A 0A4
167,8838 GLOVER RDLANGLEY BC V1M 2R4,8838 GLOVER RD,LANGLEY BC V1M 2R4,V1M 2R4
168,8888 202ND STLANGLEY BC V1M 4A7,8888 202ND ST,LANGLEY BC V1M 4A7,V1M 4A7
169,951 MURRAY STLILLOOET BC V0K 1V0,951 MURRAY ST,LILLOOET BC V0K 1V0,V0K 1V0
170,2165 NORRIS AVELUMBY BC V0E 2G0,2165 NORRIS AVE,LUMBY BC V0E 2G0,V0E 2G0
171,45 CENTENNIAL DRMACKENZIE BC V0J 2C0,45 CENTENNIAL DR,MACKENZIE BC V0J 2C0,V0J 2C0
172,11698 226TH STMAPLE RIDGE BC V2X 6H1,11698 226TH ST,MAPLE RIDGE BC V2X 6H1,V2X 6H1
173,11742 225TH STMAPLE RIDGE BC V2X 6E4,11742 225TH ST,MAPLE RIDGE BC V2X 6E4,V2X 6E4
174,11762 LAITY STMAPLE RIDGE BC V2X 7G5,11762 LAITY ST,MAPLE RIDGE BC V2X 7G5,V2X 7G5
175,12275 224TH STMAPLE RIDGE BC V2X 6H5,12275 224TH ST,MAPLE RIDGE BC V2X 6H5,V2X 6H5
176,22141 119TH AVEMAPLE RIDGE BC V2X 2Y7,22141 119TH AVE,MAPLE RIDGE BC V2X 2Y7,V2X 2Y7
177,22710 HOLYROOD AVEMAPLE RIDGE BC V2X 3E6,22710 HOLYROOD AVE,MAPLE RIDGE BC V2X 3E6,V2X 3E6
178,2520 HARRISON AVEMASSET BC V0T 1M0,2520 HARRISON AVE,MASSET BC V0T 1M0,V0T 1M0
179,2524 HARRISON RDMASSET BC V0T 1M0,2524 HARRISON RD,MASSET BC V0T 1M0,V0T 1M0
180,1136 5TH AVEMCBRIDE BC V0J 2E0,1136 5TH AVE,MCBRIDE BC V0J 2E0,V0J 2E0
181,1699 TUTILL CRTMERRITT BC V1K 1C6,1699 TUTILL CRT,MERRITT BC V1K 1C6,V1K 1C6
182,2670 GARCIA STMERRITT BC V1K 1B8,2670 GARCIA ST,MERRITT BC V1K 1B8,V1K 1B8
183,32679 6TH AVEMISSION BC V2V 1Y8,32679 6TH AVE,MISSION BC V2V 1Y8,V2V 1Y8
184,7324 HURD STMISSION BC V2V 3H5,7324 HURD ST,MISSION BC V2V 3H5,V2V 3H5
185,7380 HURD STMISSION BC V2V 3H5,7380 HURD ST,MISSION BC V2V 3H5,V2V 3H5
186,"PO Box 910, 83 8TH AVENAKUSP BC V0G 1R0","PO Box 910, 83 8TH AVE",NAKUSP BC V0G 1R0,V0G 1R0
187,97 1ST AVE NENAKUSP BC V0G 1R0,97 1ST AVE NE,NAKUSP BC V0G 1R0,V0G 1R0
188,100 ELEVENTH STNANAIMO BC V9R 6R6,100 ELEVENTH ST,NANAIMO BC V9R 6R6,V9R 6R6
189,1200 DUFFERIN CRESNANAIMO BC V9S 2B7,1200 DUFFERIN CRES,NANAIMO BC V9S 2B7,V9S 2B7
190,1233 KIWANIS CRESNANAIMO BC V9S 5Y1,1233 KIWANIS CRES,NANAIMO BC V9S 5Y1,V9S 5Y1
191,1917 NORTHFIELD RDNANAIMO BC V9S 3B6,1917 NORTHFIELD RD,NANAIMO BC V9S 3B6,V9S 3B6
192,3201 ROSS RDNANAIMO BC V9T 6L9,3201 ROSS RD,NANAIMO BC V9T 6L9,V9T 6L9
193,4088 WELLESLEY AVENANAIMO BC V9T 6M2,4088 WELLESLEY AVE,NANAIMO BC V9T 6M2,V9T 6M2
194,6085 UPLANDS DRNANAIMO BC V9V 1W1,6085 UPLANDS DR,NANAIMO BC V9V 1W1,V9V 1W1
195,6205 OLIVER RDNANAIMO BC V9T 6T1,6205 OLIVER RD,NANAIMO BC V9T 6T1,V9T 6T1
196,6304 METRAL DRNANAIMO BC V9T 2L8,6304 METRAL DR,NANAIMO BC V9T 2L8,V9T 2L8
197,80 10TH STNANAIMO BC V9R 0A8,80 10TH ST,NANAIMO BC V9R 0A8,V9R 0A8
198,1020 7TH STNELSON BC V1L 0A2,1020 7TH ST,NELSON BC V1L 0A2,V1L 0A2
199,500 BEASLEY ST WNELSON BC V1L 6G9,500 BEASLEY ST W,NELSON BC V1L 6G9,V1L 6G9
200,908 ELEVENTH STNELSON BC V1L 7A6,908 ELEVENTH ST,NELSON BC V1L 7A6,V1L 7A6
201,401 GALENA AVENEW DENVER BC V0G 1S0,401 GALENA AVE,NEW DENVER BC V0G 1S0,V0G 1S0
202,230 ROSS DRNEW WESTMINSTER BC V3L 0B1,230 ROSS DR,NEW WESTMINSTER BC V3L 0B1,V3L 0B1
203,315 MCBRIDE BLVDNEW WESTMINSTER BC V3L 5E8,315 MCBRIDE BLVD,NEW WESTMINSTER BC V3L 5E8,V3L 5E8
204,35 CLUTE STNEW WESTMINSTER BC V3L 1Z5,35 CLUTE ST,NEW WESTMINSTER BC V3L 1Z5,V3L 1Z5
205,409 BLAIR AVENEW WESTMINSTER BC V3L 4A4,409 BLAIR AVE,NEW WESTMINSTER BC V3L 4A4,V3L 4A4
206,649 8TH AVENEW WESTMINSTER BC V3M 2R2,649 8TH AVE,NEW WESTMINSTER BC V3M 2R2,V3M 2R2
207,77 JAMIESON CRTNEW WESTMINSTER BC V3L 5P8,77 JAMIESON CRT,NEW WESTMINSTER BC V3L 5P8,V3L 5P8
208,1070 LYNN VALLEY RD NNORTH VANCOUVER BC V7J 1Z8,1070 LYNN VALLEY RD N,NORTH VANCOUVER BC V7J 1Z8,V7J 1Z8
209,1200 CEDAR VILLAGE CLOSENORTH VANCOUVER BC V7J 3P3,1200 CEDAR VILLAGE CLOSE,NORTH VANCOUVER BC V7J 3P3,V7J 3P3
210,1250 CEDAR VILLAGE CLOSENORTH VANCOUVER BC V7J 3P3,1250 CEDAR VILLAGE CLOSE,NORTH VANCOUVER BC V7J 3P3,V7J 3P3
211,150 W 29TH STNORTH VANCOUVER BC V7N 0A1,150 W 29TH ST,NORTH VANCOUVER BC V7N 0A1,V7N 0A1
212,1526 OXFORD STNORTH VANCOUVER BC V7J 1E5,1526 OXFORD ST,NORTH VANCOUVER BC V7J 1E5,V7J 1E5
213,231 E 15TH STNORTH VANCOUVER BC V7L 2L7,231 E 15TH ST,NORTH VANCOUVER BC V7L 2L7,V7L 2L7
214,2444 BURR PLNORTH VANCOUVER BC V7H 3A5,2444 BURR PL,NORTH VANCOUVER BC V7H 3A5,V7H 3A5
215,3225 HIGHLAND BLVDNORTH VANCOUVER BC V7R 0A3,3225 HIGHLAND BLVD,NORTH VANCOUVER BC V7R 0A3,V7R 0A3
216,409 SALAMANDER AVEOLIVER BC V0H 1T0,409 SALAMANDER AVE,OLIVER BC V0H 1T0,V0H 1T0
217,6553 PARK DROLIVER BC V0H 1T0,6553 PARK DR,OLIVER BC V0H 1T0,V0H 1T0
218,911 MCKINNEY RDOLIVER BC V0H 1T0,911 MCKINNEY RD,OLIVER BC V0H 1T0,V0H 1T0
219,8816 97TH STOSOYOOS BC V0H 1V5,8816 97TH ST,OSOYOOS BC V0H 1V5,V0H 1V5
220,250 CRAIG STPARKSVILLE BC V9P 0A7,250 CRAIG ST,PARKSVILLE BC V9P 0A7,V9P 0A7
221,266 MOILLIET STPARKSVILLE BC V9P 1M9,266 MOILLIET ST,PARKSVILLE BC V9P 1M9,V9P 1M9
222,266A MOILLIET STPARKSVILLE BC V9P 1M9,266A MOILLIET ST,PARKSVILLE BC V9P 1M9,V9P 1M9
223,"P.O. Box 499, 401 MOILLIET STPARKSVILLE BC V9P 2G9","P.O. Box 499, 401 MOILLIET ST",PARKSVILLE BC V9P 2G9,V9P 2G9
224,103 DUNCAN AVE WPENTICTON BC V2A 2Y3,103 DUNCAN AVE W,PENTICTON BC V2A 2Y3,V2A 2Y3
225,270 HASTINGS AVEPENTICTON BC V2A 2V6,270 HASTINGS AVE,PENTICTON BC V2A 2V6,V2A 2V6
226,3235 SKAHA LAKE RDPENTICTON BC V2A 6G5,3235 SKAHA LAKE RD,PENTICTON BC V2A 6G5,V2A 6G5
227,415 HAVEN HILL RDPENTICTON BC V2A 4E9,415 HAVEN HILL RD,PENTICTON BC V2A 4E9,V2A 4E9
228,453 WINNIPEG STPENTICTON BC V2A 5M7,453 WINNIPEG ST,PENTICTON BC V2A 5M7,V2A 5M7
229,550 CARMI AVEPENTICTON BC V2A 3G6,550 CARMI AVE,PENTICTON BC V2A 3G6,V2A 3G6
230,75 GREEN AVE WPENTICTON BC V2A 7N6,75 GREEN AVE W,PENTICTON BC V2A 7N6,V2A 7N6
231,12000 190A STPITT MEADOWS BC V3Y 0E4,12000 190A ST,PITT MEADOWS BC V3Y 0E4,V3Y 0E4
232,3949 PT. ALBERNI HWYPORT ALBERNI BC V9Y 4S1,3949 PT. ALBERNI HWY,PORT ALBERNI BC V9Y 4S1,V9Y 4S1
233,4200 10TH AVEPORT ALBERNI BC V9Y 4X3,4200 10TH AVE,PORT ALBERNI BC V9Y 4X3,V9Y 4X3
234,4360 HERITAGE LANEPORT ALBERNI BC V9Y 3C4,4360 HERITAGE LANE,PORT ALBERNI BC V9Y 3C4,V9Y 3C4
235,4411 WALLACE STPORT ALBERNI BC V9Y 7Y5,4411 WALLACE ST,PORT ALBERNI BC V9Y 7Y5,V9Y 7Y5
236,6151 RUSSELL PLPORT ALBERNI BC V9Y 7W3,6151 RUSSELL PL,PORT ALBERNI BC V9Y 7W3,V9Y 7W3
237,2111 HAWTHORNE AVEPORT COQUITLAM BC V3C 1W3,2111 HAWTHORNE AVE,PORT COQUITLAM BC V3C 1W3,V3C 1W3
238,2240 HAWKINS STPORT COQUITLAM BC V3B 0M2,2240 HAWKINS ST,PORT COQUITLAM BC V3B 0M2,V3B 0M2
239,2245 KELLY AVEPORT COQUITLAM BC V3C 0B1,2245 KELLY AVE,PORT COQUITLAM BC V3C 0B1,V3C 0B1
240,2267 KELLY AVEPORT COQUITLAM BC V3C 6N4,2267 KELLY AVE,PORT COQUITLAM BC V3C 6N4,V3C 6N4
241,9120 GRANVILLE STPORT HARDY BC V0N 2P0,9120 GRANVILLE ST,PORT HARDY BC V0N 2P0,V0N 2P0
242,475 GUILDFORD WAYPORT MOODY BC V3H 3W9,475 GUILDFORD WAY,PORT MOODY BC V3H 3W9,V3H 3W9
243,4923 KIWANIS AVEPOWELL RIVER BC V8A 5H5,4923 KIWANIS AVE,POWELL RIVER BC V8A 5H5,V8A 5H5
244,4970 JOYCE AVEPOWELL RIVER BC V8A 5P2,4970 JOYCE AVE,POWELL RIVER BC V8A 5P2,V8A 5P2
245,4980 KIWANIS DRPOWELL RIVER BC V8A 0V3,4980 KIWANIS DR,POWELL RIVER BC V8A 0V3,V8A 0V3
246,1000 LIARD DRPRINCE GEORGE BC V2M 3Z3,1000 LIARD DR,PRINCE GEORGE BC V2M 3Z3,V2M 3Z3
247,1462 20TH AVEPRINCE GEORGE BC V2L 0B3,1462 20TH AVE,PRINCE GEORGE BC V2L 0B3,V2L 0B3
248,1475 EDMONTON STPRINCE GEORGE BC V2M 1S2,1475 EDMONTON ST,PRINCE GEORGE BC V2M 1S2,V2M 1S2
249,1488 20TH AVEPRINCE GEORGE BC V2L 0B3,1488 20TH AVE,PRINCE GEORGE BC V2L 0B3,V2L 0B3
250,2175 9TH AVEPRINCE GEORGE BC V2M 5E3,2175 9TH AVE,PRINCE GEORGE BC V2M 5E3,V2M 5E3
251,2410 LAURIER CRESPRINCE GEORGE BC V2M 2B3,2410 LAURIER CRES,PRINCE GEORGE BC V2M 2B3,V2M 2B3
252,2568 VICTORIA STPRINCE GEORGE BC V2L 5G8,2568 VICTORIA ST,PRINCE GEORGE BC V2L 5G8,V2L 5G8
253,6373 HILLCREST PLPRINCE GEORGE BC V2N 5R1,6373 HILLCREST PL,PRINCE GEORGE BC V2N 5R1,V2N 5R1
254,7780 HART HWYPRINCE GEORGE BC V2K 3B3,7780 HART HWY,PRINCE GEORGE BC V2K 3B3,V2K 3B3
255,788 OSPIKA BLVDPRINCE GEORGE BC V2M 6Y2,788 OSPIKA BLVD,PRINCE GEORGE BC V2M 6Y2,V2M 6Y2
256,1325 SUMMIT AVEPRINCE RUPERT BC V8J 4C1,1325 SUMMIT AVE,PRINCE RUPERT BC V8J 4C1,V8J 4C1
257,1335 SUMMIT AVEPRINCE RUPERT BC V8J 4L2,1335 SUMMIT AVE,PRINCE RUPERT BC V8J 4L2,V8J 4L2
258,98 RIDGEWOOD DRPRINCETON BC V0X 1W0,98 RIDGEWOOD DR,PRINCETON BC V0X 1W0,V0X 1W0
259,120 FIRST AVE WQUALICUM BEACH BC V9K 0B4,120 FIRST AVE W,QUALICUM BEACH BC V9K 0B4,V9K 0B4
260,124 FOURTH AVE EQUALICUM BEACH BC V9K 1N6,124 FOURTH AVE E,QUALICUM BEACH BC V9K 1N6,V9K 1N6
261,650 BERWICK RD NQUALICUM BEACH BC V9K 2T8,650 BERWICK RD N,QUALICUM BEACH BC V9K 2T8,V9K 2T8
262,777 JONES STQUALICUM BEACH BC V9K 2L1,777 JONES ST,QUALICUM BEACH BC V9K 2L1,V9K 2L1
263,306 2ND AVEDAAJING GIIDS BC V0T 1S0,306 2ND AVE,DAAJING GIIDS BC V0T 1S0,V0T 1S0
264,574 KINCHANT STQUESNEL BC V2J 2R8,574 KINCHANT ST,QUESNEL BC V2J 2R8,V2J 2R8
265,900 ST. LAURENT AVEQUESNEL BC V2J 3S3,900 ST. LAURENT AVE,QUESNEL BC V2J 3S3,V2J 3S3
266,1200 NEWLANDS RDREVELSTOKE BC V0E 2S1,1200 NEWLANDS RD,REVELSTOKE BC V0E 2S1,V0E 2S1
267,711 WEST 1ST STREVELSTOKE BC V0E 2S0,711 WEST 1ST ST,REVELSTOKE BC V0E 2S0,V0E 2S0
268,11331 MELLIS DRRICHMOND BC V6X 1L8,11331 MELLIS DR,RICHMOND BC V6X 1L8,V6X 1L8
269,23100 GARRIPIE AVERICHMOND BC V6V 0B9,23100 GARRIPIE AVE,RICHMOND BC V6V 0B9,V6V 0B9
270,23111 GARRIPIE AVERICHMOND BC V6V 0C1,23111 GARRIPIE AVE,RICHMOND BC V6V 0C1,V6V 0C1
271,5411 MONCTON STRICHMOND BC V7E 0A8,5411 MONCTON ST,RICHMOND BC V7E 0A8,V7E 0A8
272,6260 BLUNDELL RDRICHMOND BC V7C 5C4,6260 BLUNDELL RD,RICHMOND BC V7C 5C4,V7C 5C4
273,7051 MOFFATT RDRICHMOND BC V6Y 3W2,7051 MOFFATT RD,RICHMOND BC V6Y 3W2,V6Y 3W2
274,7333 GOLLNER AVERICHMOND BC V6Y 0J1,7333 GOLLNER AVE,RICHMOND BC V6Y 0J1,V6Y 0J1
275,9020 BRIDGEPORT RDRICHMOND BC V6X 1S1,9020 BRIDGEPORT RD,RICHMOND BC V6X 1S1,V6X 1S1
276,9580 WILLIAMS RDRICHMOND BC V7A 1H2,9580 WILLIAMS RD,RICHMOND BC V7A 1H2,V7A 1H2
277,4579 CHATTERTON WAYSAANICH BC V8X 4Y7,4579 CHATTERTON WAY,SAANICH BC V8X 4Y7,V8X 4Y7
278,2166 MT NEWTON CROSS RDSAANICHTON BC V8M 2B2,2166 MT NEWTON CROSS RD,SAANICHTON BC V8M 2B2,V8M 2B2
279,100 5TH AVE SESALMON ARM BC V1E 4H4,100 5TH AVE SE,SALMON ARM BC V1E 4H4,V1E 4H4
280,1051 6TH AVE NESALMON ARM BC V1E 0A6,1051 6TH AVE NE,SALMON ARM BC V1E 0A6,V1E 0A6
281,200 TRANS CANADA HWY SWSALMON ARM BC V1E 1V4,200 TRANS CANADA HWY SW,SALMON ARM BC V1E 1V4,V1E 1V4
282,2110 LAKESHORE RD NESALMON ARM BC V1E 3X9,2110 LAKESHORE RD NE,SALMON ARM BC V1E 3X9,V1E 3X9
283,2891 15 AVE NESALMON ARM BC V1E 2B6,2891 15 AVE NE,SALMON ARM BC V1E 2B6,V1E 2B6
284,700 11TH ST NESALMON ARM BC V1E 4P9,700 11TH ST NE,SALMON ARM BC V1E 4P9,V1E 4P9
285,821 10TH AVE SWSALMON ARM BC V1E 1T2,821 10TH AVE SW,SALMON ARM BC V1E 1T2,V1E 1T2
286,120 CROFTON RDSALT SPRING ISLAND BC V8K 2Y4,120 CROFTON RD,SALT SPRING ISLAND BC V8K 2Y4,V8K 2Y4
287,133 BLAIN RDSALT SPRING ISLAND BC V8K 1Z9,133 BLAIN RD,SALT SPRING ISLAND BC V8K 1Z9,V8K 1Z9
288,135 CROFTON RDSALT SPRING ISLAND BC V8K 1T1,135 CROFTON RD,SALT SPRING ISLAND BC V8K 1T1,V8K 1T1
289,137 BLAIN RDSALT SPRING ISLAND BC V8K 0A1,137 BLAIN RD,SALT SPRING ISLAND BC V8K 0A1,V8K 0A1
290,5544 SUNSHINE COAST HWYSECHELT BC V0N 3A0,5544 SUNSHINE COAST HWY,SECHELT BC V0N 3A0,V0N 3A0
291,5847 MEDUSA STSECHELT BC V0N 3A0,5847 MEDUSA ST,SECHELT BC V0N 3A0,V0N 3A0
292,2655 SHAWNIGAN LAKE RDSHAWNIGAN LAKE BC V0R 2W3,2655 SHAWNIGAN LAKE RD,SHAWNIGAN LAKE BC V0R 2W3,V0R 2W3
293,319 GORDON MACKIE LANESICAMOUS BC V0E 2V1,319 GORDON MACKIE LANE,SICAMOUS BC V0E 2V1,V0E 2V1
294,10030 RESTHAVEN DRSIDNEY BC V8L 3G4,10030 RESTHAVEN DR,SIDNEY BC V8L 3G4,V8L 3G4
295,2281 MILLS RDSIDNEY BC V8L 2C3,2281 MILLS RD,SIDNEY BC V8L 2C3,V8L 2C3
296,2290 HENRY AVESIDNEY BC V8L 2B2,2290 HENRY AVE,SIDNEY BC V8L 2B2,V8L 2B2
297,2315 MILLS RDSIDNEY BC V8L 5W6,2315 MILLS RD,SIDNEY BC V8L 5W6,V8L 5W6
298,9888 FIFTH STSIDNEY BC V8L 2X3,9888 FIFTH ST,SIDNEY BC V8L 2X3,V8L 2X3
299,Box 3759SMITHERS BC V0J 2N0,Box 3759,SMITHERS BC V0J 2N0,V0J 2N0
300,"Box 3640, 3668 11TH AVESMITHERS BC V0J 2N0","Box 3640, 3668 11TH AVE",SMITHERS BC V0J 2N0,V0J 2N0
301,6754 AYRE RDSOOKE BC V9Z 1K1,6754 AYRE RD,SOOKE BC V9Z 1K1,V9Z 1K1
302,114-38225 3RD AVESQUAMISH BC V8B 0S2,114-38225 3RD AVE,SQUAMISH BC V8B 0S2,V8B 0S2
303,38146 BEHRNER DRSQUAMISH BC V8B 0C2,38146 BEHRNER DR,SQUAMISH BC V8B 0C2,V8B 0C2
304,12803 ATKINSON RDSUMMERLAND BC V0H 1Z4,12803 ATKINSON RD,SUMMERLAND BC V0H 1Z4,V0H 1Z4
305,12815 ATKINSON RDSUMMERLAND BC V0H 1Z0,12815 ATKINSON RD,SUMMERLAND BC V0H 1Z0,V0H 1Z0
306,10342 148TH STSURREY BC V3R 3X3,10342 148TH ST,SURREY BC V3R 3X3,V3R 3X3
307,"Unit 100, 7566 – 120A STSURREY BC V3W 1N3","Unit 100, 7566 – 120A ST",SURREY BC V3W 1N3,V3W 1N3
308,1222 KING GEORGE HWYSURREY BC V4A 9W6,1222 KING GEORGE HWY,SURREY BC V4A 9W6,V4A 9W6
309,13525 HILTON RDSURREY BC V3R 5J3,13525 HILTON RD,SURREY BC V3R 5J3,V3R 5J3
310,13687 62ND AVESURREY BC V3X 0B5,13687 62ND AVE,SURREY BC V3X 0B5,V3X 0B5
311,13787 100TH AVESURREY BC V3T 5X7,13787 100TH AVE,SURREY BC V3T 5X7,V3T 5X7
312,13853 102ND AVESURREY BC V3T 5P6,13853 102ND AVE,SURREY BC V3T 5P6,V3T 5P6
313,14568 104A AVESURREY BC V3R 1R3,14568 104A AVE,SURREY BC V3R 1R3,V3R 1R3
314,15240 34TH AVESURREY BC V3Z 2J9,15240 34TH AVE,SURREY BC V3Z 2J9,V3Z 2J9
315,15333 16TH AVESURREY BC V4A 1R6,15333 16TH AVE,SURREY BC V4A 1R6,V4A 1R6
316,15441 16TH AVESURREY BC V4A 8T8,15441 16TH AVE,SURREY BC V4A 8T8,V4A 8T8
317,15501 16TH AVESURREY BC V4A 9M5,15501 16TH AVE,SURREY BC V4A 9M5,V4A 9M5
318,15546 84A AVESURREY BC V3S 6P6,15546 84A AVE,SURREY BC V3S 6P6,V3S 6P6
319,15575 16A AVESURREY BC V4B 0C7,15575 16A AVE,SURREY BC V4B 0C7,V4B 0C7
320,3288 156A STSURREY BC V3S 9T1,3288 156A ST,SURREY BC V3S 9T1,V3S 9T1
321,15955 27TH AVESURREY BC V3Z 3W3,15955 27TH AVE,SURREY BC V3Z 3W3,V3Z 3W3
322,16011 83RD AVESURREY BC V4N 0N2,16011 83RD AVE,SURREY BC V4N 0N2,V4N 0N2
323,16850 66TH AVESURREY BC V3S 5M1,16850 66TH AVE,SURREY BC V3S 5M1,V3S 5M1
324,18788 71ST AVESURREY BC V4N 6L9,18788 71ST AVE,SURREY BC V4N 6L9,V4N 6L9
325,19550 FRASER HWYSURREY BC V3S 6K5,19550 FRASER HWY,SURREY BC V3S 6K5,V3S 6K5
326,2088 152 STSURREY BC V4A 9Z4,2088 152 ST,SURREY BC V4A 9Z4,V4A 9Z4
327,2525 KING GEORGE BLVDSURREY BC V4P 0C8,2525 KING GEORGE BLVD,SURREY BC V4P 0C8,V4P 0C8
328,2567 KING GEORGE BLVDSURREY BC V4P 0E9,2567 KING GEORGE BLVD,SURREY BC V4P 0E9,V4P 0E9
329,5939 180TH STSURREY BC V3S 4L2,5939 180TH ST,SURREY BC V3S 4L2,V3S 4L2
330,6209 184TH STSURREY BC V3S 8B1,6209 184TH ST,SURREY BC V3S 8B1,V3S 8B1
331,8265 159TH STSURREY BC V4N 5T5,8265 159TH ST,SURREY BC V4N 5T5,V4N 5T5
332,9025 160 STSURREY BC V4N 2X7,9025 160 ST,SURREY BC V4N 2X7,V4N 2X7
333,9650 137A STSURREY BC V3T 4H9,9650 137A ST,SURREY BC V3T 4H9,V3T 4H9
334,9688 137A STSURREY BC V3T 4H9,9688 137A ST,SURREY BC V3T 4H9,V3T 4H9
335,4701 KERBY AVETERRACE BC V8B 5V4,4701 KERBY AVE,TERRACE BC V8B 5V4,V8B 5V4
336,4707 KERBY AVETERRACE BC V8G 2W2,4707 KERBY AVE,TERRACE BC V8G 2W2,V8G 2W2
337,1200 HOSPITAL BENCHTRAIL BC V1R 4M1,1200 HOSPITAL BENCH,TRAIL BC V1R 4M1,V1R 4M1
338,2920 LABURNUM DRTRAIL BC V1R 4N2,2920 LABURNUM DR,TRAIL BC V1R 4N2,V1R 4N2
339,8125 DEVITO DRTRAIL BC V1R 4W1,8125 DEVITO DR,TRAIL BC V1R 4W1,V1R 4W1
340,"BOX 833, 1783 ST JACQUES BLVDUCLUELET BC V0R 3A0","BOX 833, 1783 ST JACQUES BLVD",UCLUELET BC V0R 3A0,V0R 3A0
341,1055 W 41ST AVEVANCOUVER BC V6M 1W9,1055 W 41ST AVE,VANCOUVER BC V6M 1W9,V6M 1W9
342,1099 CAMBIE STVANCOUVER BC V6B 5A8,1099 CAMBIE ST,VANCOUVER BC V6B 5A8,V6B 5A8
343,1175 BROUGHTON STVANCOUVER BC V6G 3K9,1175 BROUGHTON ST,VANCOUVER BC V6G 3K9,V6G 3K9
344,1233 HARO STVANCOUVER BC V6E 3Y5,1233 HARO ST,VANCOUVER BC V6E 3Y5,V6E 3Y5
345,1377 LAMEY'S MILL RDVANCOUVER BC V6H 3S9,1377 LAMEY'S MILL RD,VANCOUVER BC V6H 3S9,V6H 3S9
346,1880 RENFREW STVANCOUVER BC V5M 3H9,1880 RENFREW ST,VANCOUVER BC V5M 3H9,V5M 3H9
347,2010 HARRISON DRVANCOUVER BC V5P 2P6,2010 HARRISON DR,VANCOUVER BC V5P 2P6,V5P 2P6
348,2020 HARRISON DRVANCOUVER BC V5P 0A1,2020 HARRISON DR,VANCOUVER BC V5P 0A1,V5P 0A1
349,2125 EDDINGTON DRVANCOUVER BC V6L 3A9,2125 EDDINGTON DR,VANCOUVER BC V6L 3A9,V6L 3A9
350,2221 WESBROOK MALLVANCOUVER BC V6T 2B5,2221 WESBROOK MALL,VANCOUVER BC V6T 2B5,V6T 2B5
351,2288 HARRISON DRVANCOUVER BC V5P 2P6,2288 HARRISON DR,VANCOUVER BC V5P 2P6,V5P 2P6
352,2423 CORNWALL AVEVANCOUVER BC V6K 1B9,2423 CORNWALL AVE,VANCOUVER BC V6K 1B9,V6K 1B9
353,2450 W 2ND AVEVANCOUVER BC V6K 1J6,2450 W 2ND AVE,VANCOUVER BC V6K 1J6,V6K 1J6
354,2455 EAST BROADWAYVANCOUVER BC V5M 1Y1,2455 EAST BROADWAY,VANCOUVER BC V5M 1Y1,V5M 1Y1
355,255 W 62ND AVEVANCOUVER BC V5X 4V4,255 W 62ND AVE,VANCOUVER BC V5X 4V4,V5X 4V4
356,2720 E 48TH AVEVANCOUVER BC V5S 1G7,2720 E 48TH AVE,VANCOUVER BC V5S 1G7,V5S 1G7
357,2785 ASH STVANCOUVER BC V5Z 1M9,2785 ASH ST,VANCOUVER BC V5Z 1M9,V5Z 1M9
358,2799 YEW STVANCOUVER BC V6K 4W2,2799 YEW ST,VANCOUVER BC V6K 4W2,V6K 4W2
359,2934 E 22ND AVEVANCOUVER BC V5M 2Y4,2934 E 22ND AVE,VANCOUVER BC V5M 2Y4,V5M 2Y4
360,3050 PENTICTON STVANCOUVER BC V5M 4W2,3050 PENTICTON ST,VANCOUVER BC V5M 4W2,V5M 4W2
361,306 E CORDOVA STVANCOUVER BC V6A 1L5,306 E CORDOVA ST,VANCOUVER BC V6A 1L5,V6A 1L5
362,3080 PRINCE EDWARD STVANCOUVER BC V5T 3N4,3080 PRINCE EDWARD ST,VANCOUVER BC V5T 3N4,V5T 3N4
363,3150 ROSEMONT DRVANCOUVER BC V5S 2C9,3150 ROSEMONT DR,VANCOUVER BC V5S 2C9,V5S 2C9
364,3263 BLENHEIM STVANCOUVER BC V6L 2X7,3263 BLENHEIM ST,VANCOUVER BC V6L 2X7,V6L 2X7
365,330 E 36TH AVEVANCOUVER BC V5W 3Z4,330 E 36TH AVE,VANCOUVER BC V5W 3Z4,V5W 3Z4
366,3338 WESBROOK MALLVANCOUVER BC V6S 0A6,3338 WESBROOK MALL,VANCOUVER BC V6S 0A6,V6S 0A6
367,3355 E 5TH AVEVANCOUVER BC V5M 0A1,3355 E 5TH AVE,VANCOUVER BC V5M 0A1,V5M 0A1
368,3490 PORTER STVANCOUVER BC V5N 5W4,3490 PORTER ST,VANCOUVER BC V5N 5W4,V5N 5W4
369,415 W PENDER STVANCOUVER BC V6B 1V2,415 W PENDER ST,VANCOUVER BC V6B 1V2,V6B 1V2
370,4505 VALLEY DRVANCOUVER BC V6L 2L1,4505 VALLEY DR,VANCOUVER BC V6L 2L1,V6L 2L1
371,4650 OAK STVANCOUVER BC V6H 4J4,4650 OAK ST,VANCOUVER BC V6H 4J4,V6H 4J4
372,4875 HEATHER STVANCOUVER BC V5Z 0A7,4875 HEATHER ST,VANCOUVER BC V5Z 0A7,V5Z 0A7
373,4950 HEATHER STVANCOUVER BC V5Z 3L9,4950 HEATHER ST,VANCOUVER BC V5Z 3L9,V5Z 3L9
374,500 W 57TH AVEVANCOUVER BC V6P 6E8,500 W 57TH AVE,VANCOUVER BC V6P 6E8,V6P 6E8
375,555 CARRALL STVANCOUVER BC V6B 2J8,555 CARRALL ST,VANCOUVER BC V6B 2J8,V6B 2J8
376,5650 OSLER STVANCOUVER BC V6M 2W9,5650 OSLER ST,VANCOUVER BC V6M 2W9,V6M 2W9
377,580 SHANGHAI ALLEYVANCOUVER BC V6B 1N8,580 SHANGHAI ALLEY,VANCOUVER BC V6B 1N8,V6B 1N8
378,611 W 41 AVEVANCOUVER BC V5Z 2M8,611 W 41 AVE,VANCOUVER BC V5Z 2M8,V5Z 2M8
379,6404 CLARENDON STVANCOUVER BC V5S 4X9,6404 CLARENDON ST,VANCOUVER BC V5S 4X9,V5S 4X9
380,700 W 57TH AVEVANCOUVER BC V6P 1S1,700 W 57TH AVE,VANCOUVER BC V6P 1S1,V6P 1S1
381,704 W 69TH AVEVANCOUVER BC V6P 2W3,704 W 69TH AVE,VANCOUVER BC V6P 2W3,V6P 2W3
382,7252 KERR STVANCOUVER BC V5S 3V2,7252 KERR ST,VANCOUVER BC V5S 3V2,V5S 3V2
383,7801 ARGYLE STVANCOUVER BC V5P 3L6,7801 ARGYLE ST,VANCOUVER BC V5P 3L6,V5P 3L6
384,7850 CHAMPLAIN CRESCVANCOUVER BC V5S 4C7,7850 CHAMPLAIN CRESC,VANCOUVER BC V5S 4C7,V5S 4C7
385,810 W 27TH AVEVANCOUVER BC V5Z 2G7,810 W 27TH AVE,VANCOUVER BC V5Z 2G7,V5Z 2G7
386,1233 Haro STVANCOUVER BC V6E 3Y5,1233 Haro ST,VANCOUVER BC V6E 3Y5,V6E 3Y5
387,851 BOUNDARY RDVANCOUVER BC V5K 4T2,851 BOUNDARY RD,VANCOUVER BC V5K 4T2,V5K 4T2
388,900 W 12TH AVEVANCOUVER BC V5Z 1N3,900 W 12TH AVE,VANCOUVER BC V5Z 1N3,V5Z 1N3
389,970 UNION STVANCOUVER BC V6A 3V1,970 UNION ST,VANCOUVER BC V6A 3V1,V6A 3V1
390,1550 W 49 AVEVANCOUVER BC V6M 0B3,1550 W 49 AVE,VANCOUVER BC V6M 0B3,V6M 0B3
391,"PO BOX 1249, 157 W VICTORIA STVANDERHOOF BC V0J 3A0","PO BOX 1249, 157 W VICTORIA ST",VANDERHOOF BC V0J 3A0,V0J 3A0
392,3277 HOSPITAL RDVANDERHOOF BC V0J 3A2,3277 HOSPITAL RD,VANDERHOOF BC V0J 3A2,V0J 3A2
393,1400 MISSION RDVERNON BC V1T 9C3,1400 MISSION RD,VERNON BC V1T 9C3,V1T 9C3
394,2101 32ND STVERNON BC V1T 5L2,2101 32ND ST,VERNON BC V1T 5L2,V1T 5L2
395,3000 GATEBY PLVERNON BC V1T 8V8,3000 GATEBY PL,VERNON BC V1T 8V8,V1T 8V8
396,3050 29TH AVEVERNON BC V1T 9Y9,3050 29TH AVE,VERNON BC V1T 9Y9,V1T 9Y9
397,3904 27TH STVERNON BC V1T 4X7,3904 27TH ST,VERNON BC V1T 4X7,V1T 4X7
398,4651 23RD STVERNON BC V1T 4K7,4651 23RD ST,VERNON BC V1T 4K7,V1T 4K7
399,4900 20TH STVERNON BC V1T 9W3,4900 20TH ST,VERNON BC V1T 9W3,V1T 9W3
400,6190 OKANAGAN LANDING RDVERNON BC V1H 1M3,6190 OKANAGAN LANDING RD,VERNON BC V1H 1M3,V1H 1M3
401,1230 BALMORAL RDVICTORIA BC V8T 1B3,1230 BALMORAL RD,VICTORIA BC V8T 1B3,V8T 1B3
402,1307 HILLSIDE AVEVICTORIA BC V8T 0A2,1307 HILLSIDE AVE,VICTORIA BC V8T 0A2,V8T 0A2
403,1450 HILLSIDE AVEVICTORIA BC V8T 2B7,1450 HILLSIDE AVE,VICTORIA BC V8T 2B7,V8T 2B7
404,1460 HILLSIDE AVEVICTORIA BC V8T 2B7,1460 HILLSIDE AVE,VICTORIA BC V8T 2B7,V8T 2B7
405,1525 CEDAR HILL CROSS RDVICTORIA BC V8P 5M1,1525 CEDAR HILL CROSS RD,VICTORIA BC V8P 5M1,V8P 5M1
406,1780 FAIRFIELD RDVICTORIA BC V8S 1G7,1780 FAIRFIELD RD,VICTORIA BC V8S 1G7,V8S 1G7
407,1968 BEE STVICTORIA BC V8R 6P6,1968 BEE ST,VICTORIA BC V8R 6P6,V8R 6P6
408,2638 ROSS LANEVICTORIA BC V8T 5M4,2638 ROSS LANE,VICTORIA BC V8T 5M4,V8T 5M4
409,2800 BLANSHARD STVICTORIA BC V8T 5B5,2800 BLANSHARD ST,VICTORIA BC V8T 5B5,V8T 5B5
410,3034 CEDAR HILL RDVICTORIA BC V8T 3J3,3034 CEDAR HILL RD,VICTORIA BC V8T 3J3,V8T 3J3
411,336 SIMCOE STVICTORIA BC V8V 1L2,336 SIMCOE ST,VICTORIA BC V8V 1L2,V8V 1L2
412,3710 CEDAR HILL RDVICTORIA BC V8P 5V5,3710 CEDAR HILL RD,VICTORIA BC V8P 5V5,V8P 5V5
413,3814 CAREY RDVICTORIA BC V8Z 4C4,3814 CAREY RD,VICTORIA BC V8Z 4C4,V8Z 4C4
414,385 WATERFRONT CRESVICTORIA BC V8T 5K7 ,385 WATERFRONT CRES,VICTORIA BC V8T 5K7 ,8T 5K7 
415,4062 SHELBOURNE STVICTORIA BC V8N 3E6,4062 SHELBOURNE ST,VICTORIA BC V8N 3E6,V8N 3E6
416,408 PARRY STVICTORIA BC V8V 2H7,408 PARRY ST,VICTORIA BC V8V 2H7,V8V 2H7
417,4680 ELK LAKE DRVICTORIA BC V8Z 0B4,4680 ELK LAKE DR,VICTORIA BC V8Z 0B4,V8Z 0B4
418,50 DOUGLAS STVICTORIA BC V8V 2N8,50 DOUGLAS ST,VICTORIA BC V8V 2N8,V8V 2N8
419,530 SIMCOE STVICTORIA BC V8V 4W4,530 SIMCOE ST,VICTORIA BC V8V 4W4,V8V 4W4
420,540 DALLAS RDVICTORIA BC V8V 4X9,540 DALLAS RD,VICTORIA BC V8V 4X9,V8V 4X9
421,555 HERALD STVICTORIA BC V8W 1S5,555 HERALD ST,VICTORIA BC V8W 1S5,V8W 1S5
422,63 GORGE RD EVICTORIA BC V9A 1L2,63 GORGE RD E,VICTORIA BC V9A 1L2,V9A 1L2
423,635 SUPERIOR STVICTORIA BC V8V 1V1,635 SUPERIOR ST,VICTORIA BC V8V 1V1,V8V 1V1
424,7601 E SAANICH RDVICTORIA BC V8M 0A4,7601 E SAANICH RD,VICTORIA BC V8M 0A4,V8M 0A4
425,817 GOLDSTREAM AVEVICTORIA BC V9B 2X8,817 GOLDSTREAM AVE,VICTORIA BC V9B 2X8,V9B 2X8
426,861 FAIRFIELD RDVICTORIA BC V8V 5A9,861 FAIRFIELD RD,VICTORIA BC V8V 5A9,V8V 5A9
427,955 HILLSIDE AVEVICTORIA BC V8T 1Z9,955 HILLSIDE AVE,VICTORIA BC V8T 1Z9,V8T 1Z9
428,994 GORGE RD WVICTORIA BC V9A 0G8,994 GORGE RD W,VICTORIA BC V9A 0G8,V9A 0G8
429,1775 SHANNON LAKE RDWEST KELOWNA BC V4T 2N7,1775 SHANNON LAKE RD,WEST KELOWNA BC V4T 2N7,V4T 2N7
430,2337 BUTT RDWEST KELOWNA BC V4T 3L3,2337 BUTT RD,WEST KELOWNA BC V4T 3L3,V4T 3L3
431,2425 ORLIN RDWEST KELOWNA BC V4T 3C7,2425 ORLIN RD,WEST KELOWNA BC V4T 3C7,V4T 3C7
432,2095 MARINE DRWEST VANCOUVER BC V7V 4V5,2095 MARINE DR,WEST VANCOUVER BC V7V 4V5,V7V 4V5
433,659 CLYDE AVEWEST VANCOUVER BC V7T 1C8,659 CLYDE AVE,WEST VANCOUVER BC V7T 1C8,V7T 1C8
434,725 INGLEWOOD AVEWEST VANCOUVER BC V7T 1X5,725 INGLEWOOD AVE,WEST VANCOUVER BC V7T 1X5,V7T 1X5
435,959 21ST STWEST VANCOUVER BC V7V 4Y3,959 21ST ST,WEST VANCOUVER BC V7V 4Y3,V7V 4Y3
436,1183 MAPLE STWHITE ROCK BC V4B 5K9,1183 MAPLE ST,WHITE ROCK BC V4B 5K9,V4B 5K9
437,1501 EVERALL STWHITE ROCK BC V4B 3R5,1501 EVERALL ST,WHITE ROCK BC V4B 3R5,V4B 3R5
438,1550 OXFORD STWHITE ROCK BC V4B 3R5,1550 OXFORD ST,WHITE ROCK BC V4B 3R5,V4B 3R5
439,1455 WERN AVEWILLIAMS LAKE BC V2G 5N1,1455 WERN AVE,WILLIAMS LAKE BC V2G 5N1,V2G 5N1
440,185 4TH AVE NWILLIAMS LAKE BC V2G 2C8,185 4TH AVE N,WILLIAMS LAKE BC V2G 2C8,V2G 2C8
441,517 6TH AVE NWILLIAMS LAKE BC V2G 2G8,517 6TH AVE N,WILLIAMS LAKE BC V2G 2G8,V2G 2G8
442,10163 KONSCHUH RDWINFIELD BC V4V 2M2,10163 KONSCHUH RD,WINFIELD BC V4V 2M2,V4V 2M2
