,link,type,name,city,full_address,full_phone,website,web check
1,https://www.google.com/search?q=Actionmarguerite+Tache+Winnipeg,Personal Care Home,Actionmarguerite Saint-Boniface,Winnipeg,"185 Despins Street, Winnipeg, MB R2H 2B3",(204) 233-3692,https://www.actionmarguerite.ca/about-us/homes/,done
2,https://www.google.com/search?q=Arborg+Personal+Care+Home+Arborg,Personal Care Home,Arborg Personal Care Home,Arborg,"233 St Phillips Dr, Arborg, MB R0C 0A0",(204) 376-5226,https://www.caredupon.ca/care-home/arborg-personal-care-home,done
3,https://www.google.com/search?q=Ashern+Personal+Care+Home+Ashern,Personal Care Home,Ashern Personal Care Home,Ashern,"PO Box 110, 1 Steenson Ave, Ashern, MB R0C 0E0",(204) 768-5216,https://www.liveyourretirement.com/home/ashern-personal-care-home,done
4,https://www.google.com/search?q=Baldur+Manor+Personal+Care+Home+Baldur,Personal Care Home,Baldur Manor Personal Care Home,Baldur,"Box 128, 531 Elizabeth St, Baldur, MB R0K 0B0",(204) 535-2922,https://prairiemountainhealth.ca/programs-and-services/personal-care-homes/locations/,done
5,https://www.google.com/search?q=Bayside+Personal+Care+Home+Killarney,Personal Care Home,Bayside Personal Care Home,Killarney,"Box 5000, 86 Ellis Dr, Killarney, MB R0K 1G0",(204) 523-4661,https://prairiemountainhealth.ca/programs-and-services/personal-care-homes/locations/?name-directory-search-value=Bayside&dir=2&as_sfid=AAAAAAXP3W-KI-1Sg5nVdr-guEqySqyHKMMrx7vcpCOn4eKrCdXuLnGwJ3S4oPAbvZdBPl6yGPUH2fIeIoIBQzZ2fzbqzVbb_8REyfZ4RmtF2mubSrmMistGpsawd6AJsEn1-UtsyksKCuis_Qdhd6lZdrvUy365DwLmQJCKU9HjktmHjg%3D%3D&as_fid=91c456708c0e2e14dd43ddb066701f8aa74fdda6,done
6,https://www.google.com/search?q=Beacon+Hill+Lodge+Winnipeg,Personal Care Home,Beacon Hill Lodge,Winnipeg,"190 Fort St, Winnipeg, MB R3C 1C9",(204) 942-7541,https://reveraliving.com/en/live-with-us/manitoba/winnipeg/beacon-hill-lodge,done
7,https://www.google.com/search?q=Benito+Health+Centre+Benito,Personal Care Home,Benito Health Centre,Benito,"200 1St E, Benito, MB R0L 0C0",(204) 539-2815,https://www.hospitalsdata.com/canada/benito-health-centre-benito.html,done
8,https://www.google.com/search?q=Betel+Personal+Care+Home+-+Gimli+Gimli,Personal Care Home,Betel Personal Care Home - Gimli,Gimli,"Box 10, 96 1st Ave, Gimli, MB R0C 1B0",(204) 642-5556,https://www.betelhomefoundation.ca/contact-us-gimli,done
9,https://www.google.com/search?q=Betel+Personal+Care+Home+-+Selkirk+Selkirk,Personal Care Home,Betel Personal Care Home - Selkirk,Selkirk,"212 Manchester Ave, Selkirk, MB R1A 0B6",(204) 482-5469,https://www.betelhomefoundation.ca/copy-of-contact-us-gimli,done
10,https://www.google.com/search?q=Bethania+Mennonite+Personal+Care+Home+Winnipeg,Personal Care Home,Bethania Mennonite Personal Care Home,Winnipeg,"1045 Concordia Ave, Winnipeg, MB R2K 3S7",(204) 667-0795,https://wrha.mb.ca/long-term-care/bethania-mennonite-personal-care-home/,done
11,https://www.google.com/search?q=Bethesda+Place+Steinbach,Personal Care Home,Bethesda Place,Steinbach,"399 Hospital St, Steinbach, MB R5G 0E6",(204) 326-6411,https://www.southernhealth.ca/en/finding-care/steinbach/bethesda-place/,done
12,https://www.google.com/search?q=Birtle+Health+Centre/Sunnyside+Manor+Birtle,Personal Care Home,Birtle Health Centre/Sunnyside Manor,Birtle,"Box 2000, 843 Gertrude St, Birtle, MB R0M 0C0",(204) 842-3317,https://prairiemountainhealth.ca/our-locations/birtle/,done
13,https://www.google.com/search?q=Boissevain+PCH/Evergreen+Place+Boissevain,Personal Care Home,Boissevain PCH/Evergreen Place,Boissevain,"Box 889, 305 Mill Rd, Boissevain, MB R0K 0E0",(204) 534-2451,https://prairiemountainhealth.ca/our-locations/boissevain/,done
14,https://www.google.com/search?q=Boyne+Lodge+Carman,Personal Care Home,Boyne Lodge,Carman,"120 4 Ave SW, Carman, MB R0G 0J0",(204) 745-6715,https://www.southernhealth.ca/en/finding-care/carman/boyne-lodge-personal-care-home/,done
15,https://www.google.com/search?q=Bren+Del+Win+Lodge+Deloraine,Personal Care Home,Bren Del Win Lodge,Deloraine,"Box 447, 103 Kellett St. S., Deloraine, MB R0M 0M0",(204) 747-1826,https://prairiemountainhealth.ca/our-locations/deloraine/,done
16,https://www.google.com/search?q=Calvary+Place+Personal+Care+Home+Winnipeg,Personal Care Home,Calvary Place Personal Care Home,Winnipeg,"1325 Erin St, Winnipeg, MB R3E 3R6",(204) 943-4424,https://calvaryplacepch.com/contact-us/,done
17,https://www.google.com/search?q=Carberry+Personal+Care+Home+Carberry,Personal Care Home,Carberry Personal Care Home,Carberry,"Box 2000, 340 Toronto St, Carberry, MB R0K 0H0",(204) 834-8832,https://prairiemountainhealth.ca/our-locations/carberry/,done
18,https://www.google.com/search?q=Charleswood+Care+Centre+Winnipeg,Personal Care Home,Charleswood Care Centre,Winnipeg,"5501 Roblin Blvd, Winnipeg, MB R3R 0G8",(204) 888-3363,https://reveraliving.com/en/live-with-us/manitoba/winnipeg/charleswood,done
19,https://www.google.com/search?q=Concordia+Place+Winnipeg,Personal Care Home,Concordia Place,Winnipeg,"1000 Molson St, Winnipeg, MB R2K 4L5",(204) 661-7372,https://concordiaplace.ca/contact/,done
20,https://www.google.com/search?q=Crocus+Court+Personal+Care+Home+Roblin,Personal Care Home,Crocus Court Personal Care Home,Roblin,"Box 940, 15 Hospital St, Roblin, MB R0L 1P0",(204) 937-2149,https://prairiemountainhealth.ca/our-locations/roblin/,done
21,https://www.google.com/search?q=Dakota+Oyate+Lodge+Griswold,Personal Care Home,Dakota Oyate Lodge,Griswold,"2161 Sioux Valley Reserve, Griswold, MB R0M 0S0",(204) 855-2354,https://www.ltcam.mb.ca/members/Dakota+Oyate+Lodge,done
22,https://www.google.com/search?q=Dauphin+Personal+Care+Home+Dauphin,Personal Care Home,Dauphin Personal Care Home,Dauphin,"625 3rd St SW, Dauphin, MB R7N 1R7",(204) 638-3010,https://prairiemountainhealth.ca/our-locations/dauphin/,done
23,https://www.google.com/search?q=Deer+Lodge+Centre+Winnipeg,Personal Care Home,Deer Lodge Centre,Winnipeg,"2109 Portage Avenue, Winnipeg, MB R3J 0L3",(204) 837‐1301,https://wrha.mb.ca/long-term-care/deer-lodge-centre/,done
24,https://www.google.com/search?q=Delwynda+Court+Deloraine,Personal Care Home,Delwynda Court,Deloraine,"Box 447, 109 Kellett St, Deloraine, MB R0M 0M0",(204) 747-2243,https://prairiemountainhealth.ca/our-locations/deloraine/,done
25,https://www.google.com/search?q=Dinsdale+Personal+Care+Home+Brandon,Personal Care Home,Dinsdale Personal Care Home,Brandon,"510 6th St, Brandon, MB R7A 3N9",(204) 727-3636,https://dinsdalepch.ca,done
26,https://www.google.com/search?q=Donwood+Manor+Winnipeg,Personal Care Home,Donwood Manor,Winnipeg,"171 Donwood Drive, Winnipeg, MB R2G 0V9",(204) 668-4410,https://donwoodmanor.org/contact-us/,done
27,https://www.google.com/search?q=Douglas+Campbell+Lodge+Portage+la+Prairie,Personal Care Home,Douglas Campbell Lodge,Portage la Prairie,"150 9th St SE, Portage la Prairie, MB R1N 3T6",(204) 239-6006,https://www.southernhealth.ca/en/finding-care/portage-la-prairie/douglas-cambell-lodge-2/,done
28,https://www.google.com/search?q=Dr+Gendreau+Personal+Care+Home+Ste.+Rose+du+Lac,Personal Care Home,Dr Gendreau Personal Care Home,Ste. Rose,"515 Mission St, Box 420, Ste. Rose, MB R0L 1S0",(204) 447-2019,https://prairiemountainhealth.ca/our-locations/ste-rose-du-lac/,done
29,https://www.google.com/search?q=East+Gate+Lodge+Personal+Care+Home+Beausejour,Personal Care Home,East Gate Lodge Personal Care Home,Beausejour,"646 James Ave, Beausejour, MB R0E 0C0",(204) 268-1029,https://www.liveyourretirement.com/home/beausejour-east-gate-lodge-pch,done
30,https://www.google.com/search?q=Eastview+Place+Memorial+Health+Centre+Altona,Personal Care Home,Eastview Place Memorial Health Centre,Altona,"240 5th Ave NE, Altona, MB R0G 0B0",(204) 324-6411,https://www.southernhealth.ca/en/finding-care/altona/eastview-place/,done
31,https://www.google.com/search?q=Elkhorn+PCH/Elkwood+Manor+Elkhorn,Personal Care Home,Elkhorn PCH/Elkwood Manor,Elkhorn,"Box 70, 12 Antrim St., Elkhorn, MB R0M 0N0",(204) 845-2575,https://prairiemountainhealth.ca/our-locations/elkhorn/,done
32,https://www.google.com/search?q=Emerson+Health+Centre+Personal+Care+Home+Emerson,Personal Care Home,Emerson Health Centre Personal Care Home,Emerson,"26 Main St, Emerson, MB R0A 0L0",(204) 373-2109,https://www.southernhealth.ca/en/finding-care/emerson/emerson-health-care-personal-care-home/,done
33,https://www.google.com/search?q=Erickson+Personal+Care+Home+Erickson,Personal Care Home,Erickson Personal Care Home,Erickson,"60 Queen Elizabeth Rd., Box 250, Erickson, MB R0J 0P0",(204) 636-7777,https://prairiemountainhealth.ca/our-locations/erickson/,done
34,https://www.google.com/search?q=Eriksdale+Personal+Care+Home+Eriksdale,Personal Care Home,Eriksdale Personal Care Home,Eriksdale,"40 Railway Avenue, Eriksdale, MB R0C 0W0",(204) 739-4416,https://www.caredupon.ca/care-home/eriksdale-personal-care-home,done
35,https://www.google.com/search?q=Fairview+Personal+Care+Home+Brandon,Personal Care Home,Fairview Personal Care Home,Brandon,"1351 13St, Brandon, MB R7A 4S6",(204) 578-2600,https://prairiemountainhealth.ca/our-locations/brandon/fairview-personal-care-home/,done
36,https://www.google.com/search?q=Fisher+Personal+Care+Home+Fisher+Branch,Personal Care Home,Fisher Personal Care Home,Fisher Branch,"Box 119, 7 Chalet Dr, Fisher Branch, MB R0C 0Z0",(204) 372-8703,https://mb.211.ca/detail/52340603/?searchLocation=Virden&topicPath=440&latitude=49.85472&longitude=-100.935922,done
37,https://www.google.com/search?q=Flin+Flon+Personal+Care+Home+Flin+Flon,Personal Care Home,Flin Flon Personal Care Home,Flin Flon,"Box 340, 50 Church St, Flin Flon, MB R8A 1K7",(204) 687-9630,https://northernhealthregion.com/programs-and-services/continuing-care/personal-care-homes/pch-locations/,done
38,https://www.google.com/search?q=Foyer+Notre+Dame+Notre+Dame+de+Lourdes,Personal Care Home,Foyer Notre Dame,Notre Dame de Lourdes,"40 Rogers St., Notre Dame de Lourdes, MB R0G 1M0",(204) 248-2092,https://www.southernhealth.ca/en/finding-care/notre-dame-de-lourdes/foyer-notre-dame/,done
39,https://www.google.com/search?q=Foyer+Valade+(Actionmarguerite)+Winnipeg,Personal Care Home,Foyer Valade (Actionmarguerite),Winnipeg,"450 River Rd, Winnipeg, MB R2M 5M4",(204) 254-3332,https://www.actionmarguerite.ca/about-us/homes/,done
40,https://www.google.com/search?q=Fred+Douglas+Lodge+Personal+Care+Home+Winnipeg,Personal Care Home,Fred Douglas Lodge Personal Care Home,Winnipeg,"1275 Burrows Ave, Winnipeg, MB R2X 0B8",(204) 586-8541,https://www.freddouglassociety.com/contact-us/,done
41,https://www.google.com/search?q=George+Colon+Memorial+Home+PCH+Oxford+House,Personal Care Home,George Colon Memorial Home PCH,Oxford House,"PO Box 261, Oxford House, MB R0B 1C0",(204) 538-2560,https://www.ltcam.mb.ca/members/George+Colon+Memorial+Home,done
42,https://www.google.com/search?q=George+M+Guimond+Care+Centre+Fort+Alexander,Personal Care Home,George M Guimond Care Centre,Pine Falls,"Box 308, Pine Falls, MB R0E 1M0",(204) 367-2245,https://www.sagkeeng.ca/george-m-guimond-care-centre-inc/,done
43,https://www.google.com/search?q=Gilbert+PLains+Health+Centre+Gilbert+Plains,Personal Care Home,Gilbert PLains Health Centre,Gilbert Plains,"100 Cutforth St. N., Box 368, Gilbert Plains, MB R0L 0X0",(204) 548-2161,https://prairiemountainhealth.ca/our-locations/gilbert-plains/,done
44,https://www.google.com/search?q=Gillam+Hospital+Gillam,Personal Care Home,Gillam Hospital,Gillam,"Box 2000, 15 Gillam Dr, Gillam, MB R0B 0L0",(204) 652-2600,https://northernhealthregion.com/our-locations/our-locations-gillam/,done
45,https://www.google.com/search?q=Glenboro+Personal+Care+Home+Glenboro,Personal Care Home,Glenboro Personal Care Home,Glenboro,"Box 310, 219 Murray Ave, Glenboro, MB R0K 0X0",(204) 827-2438,https://prairiemountainhealth.ca/programs-and-services/personal-care-homes/locations/?name-directory-search-value=Glenboro+Personal+Care+Home&dir=2&as_sfid=AAAAAAVBiXy7-qi2FaFSpl32n-asNja2FsA9aN5b62fdDzWB6DdBGCcbuMICCFnipCJiLYsNjG16eJbc90WUsG1LiYwuhxp51dKkEhpCuLI5ciXI4tmy0Xy1P3IPFKF24JH2Ktiisdm7Id5mLCsnWUlNOMWdS0p5RoQgE0dkhghY2RDYNA%3D%3D&as_fid=85ce4379c73f858ea2cc0d7f81f776d90feff4df,done
46,https://www.google.com/search?q=Golden+Door+Geriatric+Centre+Winnipeg,Personal Care Home,Golden Door Geriatric Centre,Winnipeg,"1679 Pembina Hwy, Winnipeg, MB R3T 2G6",(204) 269-6308,http://www.goldendoor.ca/contact.html,done
47,https://www.google.com/search?q=Golden+Links+Lodge+Winnipeg,Personal Care Home,Golden Links Lodge,Winnipeg,"2280 St Mary's Rd, Winnipeg, MB R2N 3Z6",(204) 257-9947,http://www.goldenlinks.mb.ca/contact/,done
48,https://www.google.com/search?q=Golden+West+Centennial+Lodge+Winnipeg,Personal Care Home,Golden West Centennial Lodge,Winnipeg,"811 School Rd, Winnipeg, MB R2Y 0S8",(204) 888‐3311,https://wrha.mb.ca/long-term-care/golden-west-centennial-lodge/,done
49,https://www.google.com/search?q=Goodwin+Lodge+Personal+Care+Home+Teulon,Personal Care Home,Goodwin Lodge Personal Care Home,Teulon,"162 3rd Ave SE, Teulon, MB R0C 3B0",(204) 886-2108,https://www.liveyourretirement.com/home/teulon-goodwin-lodge-personal-care-home,done
50,https://www.google.com/search?q=Grandview+Personal+Care+Home+Grandview,Personal Care Home,Grandview Personal Care Home,Grandview,"308 Jackson Street, Box 130, Grandview, MB ROL IWO",(204) 546-2769,https://www.caredupon.ca/care-home/grandview-personal-care-home,done
51,https://www.google.com/search?q=Hamiota+Personal+Care+Home+Hamiota,Personal Care Home,Hamiota Personal Care Home,Hamiota,"177 Birch Ave, Hamiota, MB R0M 0T0",(204) 764-2412,https://prairiemountainhealth.ca/our-locations/hamiota/,done
52,https://www.google.com/search?q=Hartney+Personal+Care+home+Hartney,Personal Care Home,Hartney Personal Care home,Hartney,"Box 280, 617 River Ave, Hartney, MB R0M 0X0",(204) 858-2054,https://www.aarogya.us/hospitals-canada/hartney-health-centre-and-personal-care-home-mb-ca,done
53,https://www.google.com/search?q=Heritage+Lodge+Long+Term+Care+Home+Winnipeg,Personal Care Home,Heritage Lodge Long Term Care Home,Winnipeg,"3555 Portage Ave, Winnipeg, MB R3K 0X2",(204) 888-7940,https://reveraliving.com/en/live-with-us/manitoba/winnipeg/heritage-lodge,done
54,https://www.google.com/search?q=Hillcrest+Place+Brandon,Personal Care Home,Hillcrest Place,Brandon,"930 26th St, Brandon, MB R7B 2B8",(204) 728-6690,http://www.extendicarehillcrestplace.com/contact/,done
55,https://www.google.com/search?q=Holy+Family+Nursing+Home+Winnipeg,Personal Care Home,Holy Family Nursing Home,Winnipeg,"165 Aberdeen Avenue, Winnipeg, MB R2W 1T9",(204) 589-7381,https://www.holyfamilyhome.mb.ca/contact-us/,done
56,https://www.google.com/search?q=Kildonan+Personal+City+Centre+Winnipeg,Personal Care Home,Kildonan Personal City Centre,Winnipeg,"1970 Henderson Hwy, Winnipeg, MB R2G 1P2",(204) 334-4633,https://wrha.mb.ca/long-term-care/kildonan-personal-care-centre/,done
57,https://www.google.com/search?q=Kin+Place+Personal+Care+Home+Oakbank,Personal Care Home,Kin Place Personal Care Home,Oakbank,"PO Box 28, 680 Pine Dr, Oakbank, MB R0E 1J0",(204) 444-2004,https://www.aarogya.us/hospitals-canada/oakbank-kin-place-personal-care-home-mb-ca,done
58,https://www.google.com/search?q=Lac+du+Bonnet+Personal+Care+Home+Lac+du+Bonnet,Personal Care Home,Lac du Bonnet Personal Care Home,Lac du Bonnet,"75 McIntosh St E, Lac du Bonnet, MB R0E 1A0",(204) 345-1222,https://www.caredupon.ca/care-home/lac-du-bonnet-personal-care-home,done
59,https://www.google.com/search?q=Lions+Prairie+Manor+PCH+Portage+la+Prairie,Personal Care Home,Lions Prairie Manor PCH,Portage la Prairie,"24 9th St SE, Portage la Prairie, MB R1N 3V4",(204) 857-7864,https://www.southernhealth.ca/en/finding-care/portage-la-prairie/lions-prairie-manor/,done
60,https://www.google.com/search?q=Lundar+Personal+Care+Home+Lundar,Personal Care Home,Lundar Personal Care Home,Lundar,"97 1st Street South, Lundar, MB R0C 1Y0",(204) 762-5609,https://www.liveyourretirement.com/home/lundar-personal-care-home,done
61,https://www.google.com/search?q=Luther+Home+Winnipeg,Personal Care Home,Luther Home,Winnipeg,"1081 Andrews St, Winnipeg, MB R2V 2G9",(204) 338-4641,https://wrha.mb.ca/long-term-care/luther-home/,done
62,https://www.google.com/search?q=Lynn+Lake+Hospital+PCH+Lynn+Lake,Personal Care Home,Lynn Lake Hospital PCH,Lynn Lake,"2040 Camp St, Box 2030, Lynn Lake, Manitoba R0B 0W0",(204) 356-2474,https://northernhealthregion.com/programs-and-services/continuing-care/personal-care-homes/pch-locations/,done
63,https://www.google.com/search?q=MacGregor+Personal+Care+Home+MacGregor,Personal Care Home,MacGregor Personal Care Home,MacGregor,"87 Grafton St, MacGregor, MB R0H 0R0",(204) 685-2850,https://www.southernhealth.ca/en/finding-care/macgregor/macgregor-health-centre-personal-care-home/,done
64,https://www.google.com/search?q=Maples+Long+Term+Care+Home+Winnipeg,Personal Care Home,Maples Long Term Care Home,Winnipeg,"500 Mandalay Dr, Winnipeg, MB R2P 1V4",(204) 632-8570,https://reveraliving.com/en/live-with-us/manitoba/winnipeg/maples,done
65,https://www.google.com/search?q=McCreary+Alonsa+Personal+Care+Home+McCreary,Personal Care Home,McCreary Alonsa Personal Care Home,McCreary,"Box 250, McCreary, MB R0J 1B0",(204) 835-2482,https://www.caredupon.ca/care-home/mccreary-alonsa-personal-care-home,done
66,https://www.google.com/search?q=McGillivary+Care+Home+Opaskwayak,Personal Care Home,McGillivary Care Home,Opaskwayak,"Box 10790, 56 Kiche Maskanow, Opaskwayak, MB R0B 2J0",(204) 623-5421,http://rmmch.ca/#contact,done
67,https://www.google.com/search?q=Meadowood+Manor+Winnipeg,Personal Care Home,Meadowood Manor,Winnipeg,"577 St Anne's Rd, Winnipeg, MB R2M 3G5",(204) 257-2394,https://www.meadowoodmanor.com/contact,done
68,https://www.google.com/search?q=Melita+Personal+Care+Home+Melita,Personal Care Home,Melita Personal Care Home,Melita,"Box 459, 147 Summit St, Melita, MB R0M 1L0",(204) 522-4304,https://prairiemountainhealth.ca/our-locations/melita/,done
69,https://www.google.com/search?q=Menno+Home+Grunthal,Personal Care Home,Menno Home,Grunthal,"235 Park St, Grunthal, MB R0A 0R0",(204) 434-6496,https://www.southernhealth.ca/en/finding-care/grunthal/menno-home-for-the-aged/,done
70,https://www.google.com/search?q=Middlechurch+Personal+Care+Home+Winnipeg,Personal Care Home,Middlechurch Personal Care Home,West Saint Paul,"280 Balderstone Rd, West Saint Paul, MB R4A 4A6",(204) 339-1947,https://middlechurchhome.mb.ca/contact/,done
71,https://www.google.com/search?q=Minnedosa+Personal+Care+Home+Minnedosa,Personal Care Home,Minnedosa Personal Care Home,Minnedosa,"138 3rd Ave SW, Minnedosa, MB R0J 1E0",(204) 867-2569,https://prairiemountainhealth.ca/our-locations/minnedosa/,done
72,https://www.google.com/search?q=Misericordia+Health+Centre+Winnipeg,Personal Care Home,Misericordia Health Centre,Winnipeg,"99 Cornish Avenue, Winnipeg, MB R3C 1A2",(204) 789-2400,https://misericordia.mb.ca/programs/long-term-care/prime/,done
73,https://www.google.com/search?q=Misericordia+Place+Winnipeg,Personal Care Home,Misericordia Place,Winnipeg,"44 Furby St, Winnipeg, MB R3C 2A1",(204) 788-8440,https://misericordia.mb.ca/files/Factsheet_MisericordiaPlace.pdf,done
74,https://www.google.com/search?q=Morley+House+PCH+-+Shoal+Lake+Shoal+Lake,Personal Care Home,Morley House PCH - Shoal Lake,Shoal Lake,"526 Mary St., Box 490, Shoal Lake, MB R0J 1Z0",(204) 759-2336,https://www.aarogya.us/hospitals-canada/morley-house-personal-care-home-mb-ca,done
75,https://www.google.com/search?q=Neepawa+PCH+Country+Meadows+Neepawa,Personal Care Home,Neepawa PCH Country Meadows,Neepawa,"500 Veterans Way, Neepawa, MB R0J 1H0",(204) 476-2383,https://www.aarogya.us/hospitals-canada/morley-house-personal-care-home-mb-ca,done
76,https://www.google.com/search?q=Nisichawayasihk+Nelson+House+PCH+Nelson+House,Personal Care Home,Nisichawayasihk Nelson House PCH,Nelson House,"Box 460, Nelson House, MB R0B 1A0",(204) 484-2350,https://www.ltcam.mb.ca/members/Nisichawayasihk+(Nelson+House)+Personal+Care+Home,done
77,https://www.google.com/search?q=Niverville+Heritage+Life+PCH+Niverville,Personal Care Home,Niverville Heritage Life PCH,Niverville,"100A Heritage Trail, Niverville, MB R0A 0A1",(204) 388-2181,https://www.southernhealth.ca/en/finding-care/niverville/heritage-life-personal-care-home/,done
78,https://www.google.com/search?q=Northern+Lights+Manor+Flin+Flon,Personal Care Home,Northern Lights Manor,Flin Flon,"274 Bracken St, Flin Flon, MB R8A 1P4",(204) 687-7325,https://northernhealthregion.com/programs-and-services/continuing-care/personal-care-homes/pch-locations/,done
79,https://www.google.com/search?q=Northern+Spirit+Manor+Thompson,Personal Care Home,Northern Spirit Manor,Thompson,"879 Thompson Dr, Thompson, MB R8N 0A9",(204) 778-3805,https://northernhealthregion.com/programs-and-services/continuing-care/personal-care-homes/pch-locations/,done
80,https://www.google.com/search?q=Oakview+Place+Winnipeg,Personal Care Home,Oakview Place,Winnipeg,"2395 Ness Ave, Winnipeg, MB R3J 1A5",(204) 888-3005,http://www.extendicareoakviewplace.com/contact/,done
81,https://www.google.com/search?q=Ochekwi+Sipi+Cree+Nation+PCH+(Fisher+River)+Koostatak,Personal Care Home,Ochekwi Sipi Cree Nation PCH (Fisher River),Fisher River,"Box 366, Fisher River, MB R0C 1S0",(204) 645-2811,https://fisherriver.ca/ochekwi-sipi-personal-care-home/,done
82,https://www.google.com/search?q=Park+Manor+Personal+Care+Home+Winnipeg,Personal Care Home,Park Manor Personal Care Home,Winnipeg,"301 Redonda St, Winnipeg, MB R2C 1L7",(204) 222-3251,https://parkmanor.ca/contact-us/,done
83,https://www.google.com/search?q=Pembina+Manitou+Health+Centre+-+PCH+Manitou,Personal Care Home,Pembina Manitou Health Centre - PCH,Manitou,"232 Carrie St, Manitou, MB R0G 1G0",(204) 242-2744,https://www.southernhealth.ca/en/finding-care/manitou/pembina-manitou-health-centre-personal-care-home/,done
84,https://www.google.com/search?q=Pembina+Place+Mennonite+PCH+Winnipeg,Personal Care Home,Pembina Place Mennonite PCH,Winnipeg,"285 Pembina Hwy, Winnipeg, MB R3L 2E1",(204) 284-0802,https://wrha.mb.ca/long-term-care/pembina-place-mennonite-personal-care-home/,done
85,https://www.google.com/search?q=Pinaow+Wachi+Inc.+Norway+House,Personal Care Home,Pinaow Wachi Inc.,Norway House,"Bldg 305 Rossville, Norway House, MB R0B 1B0",(204) 359-6606,https://northernhealthregion.com/programs-and-services/continuing-care/personal-care-homes/pch-locations/,done
86,https://www.google.com/search?q=Poseidon+Long+Term+Care+Winnipeg,Personal Care Home,Poseidon Long Term Care,Winnipeg,"70 Poseidon Bay, Winnipeg, MB R3M 3E5",(204) 452-6204,https://reveraliving.com/en/live-with-us/manitoba/winnipeg/poseidon,done
87,https://www.google.com/search?q=Prairie+View+Lodge+Pilot+Mound,Personal Care Home,Prairie View Lodge,Pilot Mound,"424 Broadway Ave, Pilot Mound, MB R0G 1P0",(204) 825-2717,https://www.southernhealth.ca/en/finding-care/pilot-mound/rock-lake-health-district-personal-care-home-2/,done
88,https://www.google.com/search?q=Red+River+Place+Selkirk,Personal Care Home,Red River Place,Selkirk,"133 Manchester Ave, Selkirk, MB R1A 0B5",(204) 482-3036,http://www.extendicareredriverplace.com/contact/,done
89,https://www.google.com/search?q=Red+River+Valley+Lodge+Morris,Personal Care Home,Red River Valley Lodge,Morris,"136 Ottawa Ave, Morris, MB R0G 1K0",(204) 746-2394,https://www.southernhealth.ca/en/finding-care/morris/red-river-valley-lodge/,done
90,https://www.google.com/search?q=Repos+Jolys+St.+Pierre+Jolys,Personal Care Home,Repos Jolys,St. Pierre-Jolys,"Box 320, St. Pierre-Jolys, MB R0A 1V0",(204) 433-7611,http://ratriverhealth.ca/contact-us/,done
91,https://www.google.com/search?q=Rest+Haven+Care+Home+Steinbach,Personal Care Home,Rest Haven Care Home,Steinbach,"185 Woodhaven Ave, Steinbach, MB R5G 1K7",(204) 326-2206,https://www.southernhealth.ca/en/finding-care/steinbach/rest-haven-care-home/,done
92,https://www.google.com/search?q=Reston+Willowview+Personal+Care+Centre+Reston,Personal Care Home,Reston Willowview Personal Care Centre,Reston,"523-1st Street N, Box 250, Reston, MB R0M 1X0",(204) 877-3925,https://prairiemountainhealth.ca/programs-and-services/personal-care-homes/locations/?name-directory-search-value=Willowview&dir=2&as_sfid=AAAAAAUJLIUUfR6PZ1Q-8oOWqP4qVoDr5Npe4blPryW4Gle24e9w48ooYfUspDqYBhExnh-H8lxjpZIV71dv7OKe3cGkXGubxenipbdRoCixe47Rsd3ND2eSbwCiVmHJpunzWmXa-hKcW7Vt5Z-NxiyMY1CgERxtlAyWY-EvV-U8HNnpyg%3D%3D&as_fid=acfefd58cfbf050565fe916ede0ee35f57ed3ef2,done
93,https://www.google.com/search?q=Rideau+Park+Personal+Care+Home+Brandon,Personal Care Home,Rideau Park Personal Care Home,Brandon,"525 Victoria Ave E, Brandon, MB R7A 6S9",(204) 578-2670,https://prairiemountainhealth.ca/programs-and-services/personal-care-homes/locations/?name-directory-search-value=Rideau+Park+Personal+Care+Home&dir=2&as_sfid=AAAAAAVU5RhjvXV7igq1we5LmW3sm_DwejMSP-nrpBbSuEJZ4N8GvmK0SUpTnL-GhTpKOZYJkEEVknm3ijC76VkxhGeWGOdrUBfnG55cJ6VT3hdViqSMzwp7igN7BYzKt_wc7tyW38toM-h84a0t3RtcunOeSuBcy_yFIwkq7DSp2gw7nQ%3D%3D&as_fid=dcc6fbb4f6811ad3b45326b494e85567e4cfdb53,done
94,https://www.google.com/search?q=River+East+Personal+Care+Home+Winnipeg,Personal Care Home,River East Personal Care Home,Winnipeg,"1375 Molson St, Winnipeg, MB R2K 4K8",(204) 668-7460,http://www.rivereast.ca,done
95,https://www.google.com/search?q=River+Park+Gardens+Winnipeg,Personal Care Home,River Park Gardens,Winnipeg,"735 St Anne's Rd, Winnipeg, MB R2N 0C4",(204) 255-9073,https://wrha.mb.ca/long-term-care/river-park-gardens/,done
96,https://www.google.com/search?q=Riverdale+Personal+Care+Home¬†+Rivers,Personal Care Home,Riverdale Personal Care Home,Rivers,"512 Quebec St., Box 428, Rivers, MB R0K 1X0",(204) 328-5321,https://prairiemountainhealth.ca/our-locations/rivers/,done
97,https://www.google.com/search?q=Riverview+Health+Centre+Winnipeg,Personal Care Home,Riverview Health Centre,Winnipeg,"One Morley Avenue, Winnipeg, MB R3L 2P4",(204) 478‐6203,https://wrha.mb.ca/long-term-care/riverview-health-centre/,done
98,https://www.google.com/search?q=Rock+Lake+Personal+Care+Home+Pilot+Mound,Personal Care Home,Rock Lake Personal Care Home,Pilot Mound,"115 Brown St, Pilot Mound, MB R0G 1P0",(204) 825-2246,https://www.southernhealth.ca/en/finding-care/pilot-mound/rock-lake-health-district-personal-care-home/,done
99,https://www.google.com/search?q=Rosewood+Lodge+Personal+Care+Home+Stonewall,Personal Care Home,Rosewood Lodge Personal Care Home,Stonewall,"513 1st Ave North, Stonewall, MB R0C 2Z0",(204) 467-5257,https://www.liveyourretirement.com/home/stonewall-rosewood-lodge-personal-care-home,done
100,https://www.google.com/search?q=Rossburn+Personal+Care+Home+Rossburn,Personal Care Home,Rossburn Personal Care Home,Rossburn,"Box 40, 166 Parkview Dr, Rossburn, MB R0J 1V0",(204) 859-2413,https://www.aarogya.us/hospitals-canada/rossburn-personal-care-home-mb-ca,done
101,https://www.google.com/search?q=Russell+Personal+Care+Home+Russell,Personal Care Home,Russell Personal Care Home,Russell,"113 Arsini Street E, Bag Service #2, Russell, MB R0J 1W0",(204) 773-3117,https://prairiemountainhealth.ca/programs-and-services/personal-care-homes/locations/?name-directory-search-value=Russell+Personal+Care+Home&dir=2&as_sfid=AAAAAAVmiFAIdWqI6iBBUUwHqD8DrnQfNZmIe_PG6X-8H-FuLfFQZLJvrBXURWM_O4u9IXwB7K-LJTZoc9ywXNXBcfftHfs03dhyk8H21I0VM50rn5-D8nwW2vsH57c5n5EnYSVRKAy2JLFJBILVjEphH6qhtc6s0W0yleBycF5jgmYNTA%3D%3D&as_fid=28adfe40792c86c182c030c01d87a8679969c863,done
102,https://www.google.com/search?q=Salem+House+Inc+Winkler,Personal Care Home,Salem House Inc,Winkler,"165 15th St, Winkler, MB R6W 1T8",(204) 325-4316,https://www.salemhome.ca/contact/,done
103,https://www.google.com/search?q=Sandy+Lake+Personal+Care+Home+Sandy+Lake,Personal Care Home,Sandy Lake Personal Care Home,Sandy Lake,"Box 7, 106 1st St SW, Sandy Lake, MB R0J 1X0",(204) 585-2107,https://www.aarogya.us/hospitals-canada/sandy-lake-personal-care-home-mb-ca,done
104,https://www.google.com/search?q=Sherwood+Nursing+Home+Virden,Personal Care Home,Sherwood Nursing Home,Virden,"223 Hargrave Street E., Box 2000, Virden, MB R0M 2C0",(204) 748-1546,https://www.aarogya.us/hospitals-canada/sherwood-personal-care-home-mb-ca,done
105,https://www.google.com/search?q=Snow+Lake+Health+Center+Snow+Lake,Personal Care Home,Snow Lake Health Center,Snow Lake,"100 Lakeshore Dr, Snow Lake, MB R0B 1M0",(204) 358-2300,http://www.snowlake.com/p/health-wellness,done
106,https://www.google.com/search?q=Souris+Health+Centre+-+PCH+Souris,Personal Care Home,Souris Health Centre - PCH,Souris,"155 Brindle Ave, Souris, MB R0K 2C0",(204) 483-2121,https://search.helpseeker.org/canada/manitoba/souris/pmh-souris-personal-care-home,done
107,https://www.google.com/search?q=Southeast+Personal+Care+Home+Winnipeg,Personal Care Home,Southeast Personal Care Home,Winnipeg,"1265 Lee Blvd, Winnipeg, MB R3T 2M3",(204) 269-7111,https://www.southeastpch.ca/contactus,done
108,https://www.google.com/search?q=St.+Claude+Health+Centre+St.+Claude,Personal Care Home,St. Claude Health Centre,Saint Claude,"PO Box 400, 33 Roy St, Saint Claude, MB R0G 1Z0",(204) 379-2211,https://mb.211.ca/detail/44800153/?searchLocation=Winkler&topicPath=78&latitude=49.1825&longitude=-97.938931,done
109,https://www.google.com/search?q=St+Joseph's+Residence+(Actionmarguerite)+Winnipeg,Personal Care Home,St Joseph's Residence (Actionmarguerite),Winnipeg,"1149 Leila Ave, Winnipeg, MB R2P 1S6",(204) 697-8031,https://wrha.mb.ca/long-term-care/actionmarguerite-st-joseph/,done
110,https://www.google.com/search?q=St+Nobert+Personal+Care+home+Winnipeg,Personal Care Home,St Norbert Personal Care home,Winnipeg,"50 St. Pierre Street, Winnipeg, MB R3V 1J6",(204) 269-4538,https://wrha.mb.ca/long-term-care/st-norbert-personal-care-home/,done
111,https://www.google.com/search?q=St+Paul's+Home+Dauphin,Personal Care Home,St Paul's Home,Dauphin,"703 Jackson St, Dauphin, MB R7N 2N2",(204) 638-3129,https://prairiemountainhealth.ca/our-locations/dauphin/,done
112,https://www.google.com/search?q=St+Paul's+Personal+Care+home+The+Pas,Personal Care Home,St Paul's Personal Care home,The Pas,"34 2nd St W, The Pas, MB R9A 1K4",(204) 623-9226,https://northernhealthregion.com/programs-and-services/continuing-care/personal-care-homes/pch-locations/,done
113,https://www.google.com/search?q=Sunnywood+Manor+Personal+Care+Home¬†+Pine+Falls,Personal Care Home,Sunnywood Manor Personal Care Home,Pine Falls,"PO Box 2000, Pine Falls, MB, R0E 1M0",(204) 367-8201,https://mb.211.ca/detail/52292144/,done
114,https://www.google.com/search?q=Swan+River+Valley+Personal+Care+Home+Swan+River,Personal Care Home,Swan River Valley Personal Care Home,Swan River,"334 8th St., Box 1390, Swan River MB R0L 1Z0",(204) 734-4521,https://prairiemountainhealth.ca/our-locations/swan-river/,done
115,https://www.google.com/search?q=Swan+Valley+Lodge+Personal+Care+Home+Swan+River,Personal Care Home,Swan Valley Lodge Personal Care Home,Swan River,"1013 Main St., Box 1450, Swan River, MB R0L 1Z0",(204) 734-3441,https://prairiemountainhealth.ca/our-locations/swan-river/,done
116,https://www.google.com/search?q=Tabor+Home+Inc+Morden,Personal Care Home,Tabor Home Inc,Morden,"450 Loren Dr, Morden, MB R6M 0E3",(204) 822-4848,https://www.taborhome.ca/faq/newsletter/,done
117,https://www.google.com/search?q=The+Convalescent+Home+of+Winnipeg+Winnipeg,Personal Care Home,The Convalescent Home of Winnipeg,Winnipeg,"276 Hugo St N, Winnipeg, MB R3M 2N6",(204) 453-4663,https://tchw.com/about-us/,done
118,https://www.google.com/search?q=The+Saul+and+Glaribel+Simkin+Centre+Winnipeg,Personal Care Home,The Saul and Claribel Simkin Centre,Winnipeg,"1 Falcon Ridge Dr, Winnipeg, MB R3Y 1V9",(204) 586-9781,https://www.simkincentre.ca/contact-us/,done
119,https://www.google.com/search?q=Third+Crossing+Manor+Gladstone,Personal Care Home,Third Crossing Manor,Gladstone,"175 Dennis St, Gladstone, MB R0J 0T0",(204) 385-2474,https://www.southernhealth.ca/en/finding-care/gladstone/third-crossing-manor/,done
120,https://www.google.com/search?q=Tiger+Hills+Health+Centre+PCH+Treherne,Personal Care Home,Tiger Hills Health Centre PCH,Treherne,"64 Clark St, Treherne, MB R0G 2V0",(204) 723-3407,https://prairiemountainhealth.ca/our-locations/treherne/,done
121,https://www.google.com/search?q=Tri+Lake+Personal+Care+Home+Killarney,Personal Care Home,Tri Lake Personal Care Home,Killarney,"86 Ellis Dr, Killarney, MB R0K 1G0",(204) 523-3210,https://www.caredupon.ca/care-home/tri-lake-personal-care-home,done
122,https://www.google.com/search?q=Tudor+House+Personal+Care+Home+Selkirk,Personal Care Home,Tudor House Personal Care Home,Selkirk,"800 Manitoba Ave, Selkirk, MB R1A 2C9",(204) 482-6601,http://mytudor.ca/tudor-house/,done
123,https://www.google.com/search?q=Tuxedo+Villa+Winnipeg,Personal Care Home,Tuxedo Villa,Winnipeg,"2060 Corydon Ave, Winnipeg, MB R3P 0N3",(204) 889-2650,http://www.extendicaretuxedovilla.com/contact/,done
124,https://www.google.com/search?q=Valleyview+Care+Centre+Brandon,Personal Care Home,Valleyview Care Centre,Brandon,"3015 Victoria Ave, Brandon, MB R7B 2K2",(204) 728-2030,https://reveraliving.com/en/live-with-us/manitoba/brandon/valleyview,done
125,https://www.google.com/search?q=Villa+Youville+Ste.+Anne,Personal Care Home,Villa Youville,Sainte-Anne-des-Chênes,"15 Charrière Rd, Sainte-Anne-des-Chênes, MB R5H 1C9",(204) 422-5624,https://villayouville.ca/visit-us/?lang=en,done
126,https://www.google.com/search?q=Vista+Park+Lodge+Winnipeg,Personal Care Home,Vista Park Lodge,Winnipeg,"144 Novavista Dr, Winnipeg, MB R2N 1P8",(204) 257-6688,http://www.extendicarevistaparklodge.com/contact/,done
127,https://www.google.com/search?q=Vita+Personal+Care+Home+Vita,Personal Care Home,Vita Personal Care Home,Vita,"217 1st Ave, Vita, MB R0A 2K0",(204) 425-3325,https://www.southernhealth.ca/en/finding-care/vita/vita-and-district-health-centre-2/,done
128,https://www.google.com/search?q=Wawanesa+Personal+Care+Home+Wawanesa,Personal Care Home,Wawanesa Personal Care Home,Wawanesa,"Box 309, 506 George St, Wawanesa, MB ROK 2G0",(204) 824-2335,https://www.aarogya.us/hospitals-canada/wawanesa-personal-care-home-mb-ca,done
129,https://www.google.com/search?q=West+Park+Manor+Winnipeg,Personal Care Home,West Park Manor,Winnipeg,"3199 Grant Ave, Winnipeg, MB R3R 1X2",(204) 889-3330,https://wrha.mb.ca/long-term-care/west-park-manor/,done
130,https://www.google.com/search?q=Westman+Nursing+Home+Virden,Personal Care Home,Westman Nursing Home,Virden,"427 Frame Street E., Box 1630, Virden, Manitoba R0M 2C0",(204) 748-4335,https://www.aarogya.us/hospitals-canada/west-man-personal-care-home-mb-ca,done
131,https://www.google.com/search?q=Westview+Lodge+Boissevain,Personal Care Home,Westview Lodge,Boissevain,"200 Struthers St, Boissevain, MB R0K 0E0",(204) 534-2455,https://search.helpseeker.org/canada/manitoba/boissevain/pmh-westview-lodge-personal-care-home,done
132,https://www.google.com/search?q=Whitemouth+District+Health+Centre+&+PCH+Whitemouth,Personal Care Home,Whitemouth District Health Centre & PCH,Whitemouth,"PO Box 160, 75 Hospital Street, Whitemouth, Manitoba R0E 2G0",(204) 348-7191,https://www.aarogya.us/hospitals-canada/whitemouth-district-health-centre-pch-mb-ca,done
133,https://www.google.com/search?q=Winnipegosis+&+District+PCH+Winnipeosis,Personal Care Home,Winnipegosis & District PCH,Winnipegosis,"Box 280, Winnipegosis, MB R0L 2G0",(204) 656-4881,https://winnipegosishealthcentre.ca/contact/,done
134,https://www.google.com/search?q=Abbeyfield+House+Dominion+City+Dominion+City,Assisted Living,Abbeyfield House Dominion City,Dominion City,"Box 69, Dominion City, MB R0A 0H0",(204) 427-3851,https://www.emersonfranklin.com/p/abbeyfield-house,done
135,https://www.google.com/search?q=Alstone+Lodge+Reston,Assisted Living,Alstone Lodge,Reston,"Box 99, 401 3rd Avenue, Reston, MB R0M 1X0",(204) 877-3327,https://rmofpipestone.com/p/seniors-housing,done
136,https://www.google.com/search?q=Amber+Meadow+Retirement+Residence+Winnipeg,Assisted Living,Amber Meadow Retirement Residence,Winnipeg,"320 Pipeline Rd, Winnipeg, MB R2P 2X5",(204) 633-5467,https://atriaretirement.ca/contact-us,done
137,https://www.google.com/search?q=ArlingtonHaus+Apartments+Winnipeg,Assisted Living,ArlingtonHaus Apartments,Winnipeg,"880 Arlington St, Winnipeg, MB R3E 2E4",(204) 783-3752,https://bethania.ca/services/bethania-housing-options/arlingtonhaus/,done
138,https://www.google.com/search?q=Armstrong+Manor+Beausejour,Assisted Living,Armstrong Manor,Beausejour,"27B Third St S, Beausejour, MB R0E 0C0",(204) 785-5228,https://www.caredupon.ca/care-home/armstrong-manor,done
139,https://www.google.com/search?q=Assiniboine+Links+Winnipeg,Assisted Living,Assiniboine Links,Winnipeg,"4025 Roblin Blvd, Winnipeg, MB R3R 3V5",(204) 897-6854,https://www.assistedlivingcenter.com/facilities/mb/winnipeg/assiniboine-links-r3r3v5/,done
140,https://www.google.com/search?q=Badger+County+Court+Cartwright,Assisted Living,Badger Creek Lodge,Cartwright,"700 Bowles Street North, Cartwright, MB R0K 0L0",(204) 239-3688,https://www.liveyourretirement.com/home/badger-creek-lodge,done
141,https://www.google.com/search?q=Banner+County+Court+Russell,Assisted Living,Banner County Court,Russell,"122 Manitoba Ave E, Russell, MB R0J 1W0",(204) 726-6455,https://dignified.ca/en/place/2236/banner-county-court,done
142,https://www.google.com/search?q=Bethel+Place+Winnipeg,Assisted Living,Bethel Place,Winnipeg,"445 Stafford St #100, Winnipeg, MB R3M 3V9",(204) 284-3762,https://bethelplace.ca/contact-us/,done
143,https://www.google.com/search?q=Birchwood+Apts+Steinbach,Assisted Living,Birchwood Apts,Steinbach,"482 Wilson St, Steinbach, MB R5G 0J5",(204) 346-0126,https://dignified.ca/en/place/2300/birchwood-apts,done
144,https://www.google.com/search?q=Bonny+Vista+Lodge+Lac+du+Bonnet,Assisted Living,Bonny Vista Lodge,Lac du Bonnet,"75 McIntosh St E, Lac du Bonnet, MB R0E 1A0",(204) 785-5228,https://canada247.info/explore/manitoba/lac_du_bonnet/bonny-vista-lodge-800-661-4663.html,done
145,https://www.google.com/search?q=Boyne+Towers+Carman,Assisted Living,Boyne Towers,Carman,"120-4th Avenue Southwest, Carman, MB R0G 0J0",(204) 745-6715,https://www.caredupon.ca/care-home/boyne-towers,done
146,https://www.google.com/search?q=Bridgepark+Manor+Steinbach,Assisted Living,Bridgepark Manor,Steinbach,"100-330 Stone Bridge Cross, Steinbach, MB R5G 0X3",(204) 326-3684,https://bridgeparkmanor.ca/contact/,done
147,https://www.google.com/search?q=Brightwater+Senior+Living+of+Tuxedo+Winnipeg,Assisted Living,Brightwater Senior Living of Tuxedo,Winnipeg,"741 Sterling Lyon Pkwy, Winnipeg, MB R3P 2S9",(204) 272-8122,https://www.brightwaterseniorliving.com/senior-living/mb/winnipeg/tuxedo/contact-us,done
148,https://www.google.com/search?q=Buffalo+Apartments+Altona,Assisted Living,Buffalo Apartments,Altona,"60 Buffalo Trail, Altona, MB R0G 0B2",(204) 324-7222,https://www.liveyourretirement.com/home/buffalo-apartments-and-estates-ii,done
149,https://www.google.com/search?q=Buffalo+Estates+Morden,Assisted Living,Oak West Estates,Morden,"#55 Gaslight Dr., Morden, MB R6M 2E1",(204) 362-7151,https://jacobmanagement.com/oak-west-estates/#features,done
150,https://www.google.com/search?q=Cambridge+House+Selkirk,Assisted Living,Cambridge House,Selkirk,"300 Tudor Road, Selkirk, MB R1A 2G6",(204) 785-1066,http://mytudor.ca/cambridge-house/,done
151,https://www.google.com/search?q=Carberry+Plains+Lodge+Carberry,Assisted Living,Carberry Plains Lodge,Carberry,"520 1st Ave, Carberry, MB R0K 0H0",(204) 834-3362,https://www.caredupon.ca/care-home/carberry-plains-lodge,done
152,https://www.google.com/search?q=Carlton+Centennial+Lodge+Strathclair,Assisted Living,Carlton Centennial Lodge,Strathclair,"6 Arnitt Street, Strathclair, MB R0J 2C0",(204) 365-2567,https://www.liveyourretirement.com/home/carlton-centennial-lodge,done
153,https://www.google.com/search?q=Catherine+Place+Winnipeg,Assisted Living,Catherine Place,Winnipeg,"190 Raymond Pl, Winnipeg, MB R2H 1C8",(204) 231-0999,http://www.catherineplace.com,done
154,https://www.google.com/search?q=Centre+Courts+Altona,Assisted Living,Centre Courts,Altona,"17 Centre Ave E, Altona, MB R0G 0B1",(204) 324-8484,https://dignified.ca/en/place/2176/centre-courts,done
155,https://www.google.com/search?q=Chalet+Malouin+Saint+Malo,Assisted Living,Chalet Malouin,St. Malo,"14 St Hilaire Street, St. Malo, MB R0A 1T0",(204) 347-5753,https://www.facebook.com/chaletmalouin/,done
156,https://www.google.com/search?q=Concordia+Village+l+Winnipeg,Assisted Living,Concordia Village l,Winnipeg,"100 – 1125 Molson St, Winnipeg, MB R2K 0A7",(204) 667-6479,https://concordiavillage.ca/contact/,done
157,https://www.google.com/search?q=Concordia+Village+ll+Winnipeg,Assisted Living,Concordia Village ll,Winnipeg,"100 – 1115 Molson Street, Winnipeg, MB R2K 2N5",(204) 667-6479,https://concordiavillage.ca/contact/,done
158,https://www.google.com/search?q=Concordia+Village+lll+Winnipeg,Assisted Living,Concordia Village lll,Winnipeg,"100 – 1105 Molson Street, Winnipeg, MB R2K 4G4",(204) 667-6479,https://concordiavillage.ca/contact/,done
159,https://www.google.com/search?q=Crescent+Lodge+Gladstone,Assisted Living,Crescent Lodge,Gladstone,"Box 1000, 24 Mill St, Gladstone MB R0J 0T0",(204) 385-6123,https://www.southernhealth.ca/en/finding-care/find-a-service/housing-options/,done
160,https://www.google.com/search?q=Crescent+Manor+Souris,Assisted Living,Crescent Manor,Souris,"114 2nd St S, Souris, MB R0K 2C0",(204) 483-3990,https://www.facebook.com/souriscongregatemeals/,done
161,https://www.google.com/search?q=Crestview+Onanole,Assisted Living,Crestview,Onanole,"52-59 Grenant, Onanole, MB R0J 1N0",(204) 726-6455,https://api.ltcam.mb.ca/Api/Query/Download/9ebfdd8a-3f3b-41d5-9b7a-74c26d4959f9/IndependentLiving.pdf,done
162,https://www.google.com/search?q=Cypress+River+Lodge+Cypress+River,Assisted Living,Cypress River Lodge,Cypress River,"134 Railway Ave, Cypress River, MB R0K 0P0",(204) 743-2289,https://dignified.ca/en/place/2250/cypress-river-lodge,done
163,https://www.google.com/search?q=Dakota+House+Winnipeg,Assisted Living,Dakota House,Winnipeg,"1145 Dakota St, Winnipeg, MB R2N 0A4",(204) 663-4983,https://www.aosupportservices.ca/our-three-pillars/counselling-services/housing/housing-directory/3224/dakota-house-assisted-living/,done
164,https://www.google.com/search?q=Deloraine+Enriched+Housing+Corp+Deloraine,Assisted Living,Deloraine Enriched Housing Corp,Deloraine,"502 S Railway Ave W, Deloraine, MB R0M 0M0",(204) 747-3805,https://www.caredupon.ca/care-home/deloraine-enriched-housing-corp,done
165,https://www.google.com/search?q=Devonshire+House+l+(Homestead)+Winnipeg,Assisted Living,Devonshire House l (Homestead),Winnipeg,"75 Kildonan Green Dr, Winnipeg, MB R3W 0E1",(204) 667-2412,http://homesteadmanitoba.ca/devonshire-house-1-assisted-living-transcona-winnipeg/,done
166,https://www.google.com/search?q=Devonshire+House+ll+(Homestead)+Winnipeg,Assisted Living,Devonshire House ll (Homestead),Winnipeg,"65 Kildonan Green Dr, Winnipeg, MB R3W 0B3",(204) 667-2412,http://homesteadmanitoba.ca/devonshire-house-2-assisted-living-transcona/,done
167,https://www.google.com/search?q=Donwood+Manor+Elderly+Persons+Housing+Inc.+Winnipeg,Assisted Living,Donwood Manor Elderly Persons Housing Inc.,Winnipeg,"165 Donwood Dr, Winnipeg, MB R2G 2H9",(204) 668-4410,https://donwoodmanor.org/contact-us/,done
168,https://www.google.com/search?q=Donwood+South+Winnipeg,Assisted Living,Donwood South,Winnipeg,"1245 Henderson Hwy, Winnipeg, MB R2G 1M1",(204) 338-8688,https://donwoodmanor.org/wp-content/uploads/2018/01/Donwood-South-Tenant-Info-Booklet-2018-1.pdf,done
169,https://www.google.com/search?q=Donwood+West+Winnipeg,Assisted Living,Donwood West,Winnipeg,"1460 Portage Ave, Winnipeg, MB R3G 3M9",(204) 783-8045,http://donwoodmanor.org/wp-content/uploads/2018/01/Donwood-West-Tenant-Info-Handbook-2018.pdf,done
170,https://www.google.com/search?q=Dowland+Manor+Minto,Assisted Living,Dowland Manor,Minto,"121 Johnson St, Minto, MB R0K 1M0",(204) 726-6455,https://api.ltcam.mb.ca/Api/Query/Download/9ebfdd8a-3f3b-41d5-9b7a-74c26d4959f9/IndependentLiving.pdf,done
171,https://www.google.com/search?q=Duck+Mountain+Lodge+Swan+River,Assisted Living,Duck Mountain Lodge,Swan River,"300 7th Ave S, Swan River, MB R0L 1Z0",,https://www.liveyourretirement.com/home/duck-mountain-manor,done
172,https://www.google.com/search?q=Dufferin+Court+Emerson,Assisted Living,Dufferin Court,Emerson,"115 Dominion St, Emerson, MB R0A 0L0",(204) 324-5308,https://api.ltcam.mb.ca/Api/Query/Download/9ebfdd8a-3f3b-41d5-9b7a-74c26d4959f9/IndependentLiving.pdf,done
173,https://www.google.com/search?q=Eastern+Star+Chalet+Winnipeg,Assisted Living,Eastern Star Chalet,Winnipeg,"13-525 Cathcart St, Winnipeg, MB R3R 0S6",(204) 889-3687,https://www.aosupportservices.ca/our-three-pillars/counselling-services/housing/housing-directory/3049/manitoba-eastern-star-chalet-inc/,done
174,https://www.google.com/search?q=Elks+Legion+Court+Russell,Assisted Living,Elks Legion Court,Russell,"129 Arsini St E, Russell, MB R0J 1W0",(204) 773-2352,https://api.ltcam.mb.ca/Api/Query/Download/9ebfdd8a-3f3b-41d5-9b7a-74c26d4959f9/IndependentLiving.pdf,done
175,https://www.google.com/search?q=Elkview+Lodge+Elkhorn,Assisted Living,Elkview Lodge,Elkhorn,"40 Elkhorn Service Rd, Elkhorn, MB R0M 0N0",(204) 726-6455,https://api.ltcam.mb.ca/Api/Query/Download/9ebfdd8a-3f3b-41d5-9b7a-74c26d4959f9/IndependentLiving.pdf,done
176,https://www.google.com/search?q=Ellice+Place+Winnipeg,Assisted Living,Ellice Place,Winnipeg,"555 Ellice Ave, Winnipeg, MB R3B 3C4",(204) 948-2328,https://www.aosupportservices.ca/our-three-pillars/counselling-services/housing/housing-directory/3164/ellice-place-assisted-living/,done
177,https://www.google.com/search?q=Evergreen+Lodge+Dugald,Assisted Living,Evergreen Lodge,Dugald,"735 Dugald Rd, Dugald, MB R0E 0K0",(204) 996-5441,https://www.caredupon.ca/care-home/evergreen-lodge,done
178,https://www.google.com/search?q=Evergreen+Place+Virden,Assisted Living,Evergreen Place,Virden,"257 Hargrave St, Virden, MB R0M 2C0",(204) 748-2781,https://www.caredupon.ca/care-home/evergreen-place,done
179,https://www.google.com/search?q=Fairhaven+Apartments+Swan+River,Assisted Living,Fairhaven Apartments,Swan River,"120-10th Avenue North, Swan River, MB R0L 1Z0",(204) 937-8326,https://dignified.ca/en/place/2271/fairhaven-apartments,done
180,https://www.google.com/search?q=Fernwood+Place+Steinbach,Assisted Living,Fernwood Place,Steinbach,"303 3rd St, Steinbach, MB R5G 1K1",(204) 326-2002,https://steinbachhousing.com/accommodations,done
181,https://www.google.com/search?q=Foyer+Vincent+Inc.+Winnipeg,Assisted Living,Foyer Vincent Inc.,Winnipeg,"200 Horace St, Winnipeg, MB R2H 0W5",(204) 233-1925,https://www.aosupportservices.ca/our-three-pillars/counselling-services/housing/housing-directory/3198/foyer-vincent-inc/,done
182,https://www.google.com/search?q=Franklin+Manor+Dominion+City,Assisted Living,Franklin Manor,Dominion City,"141 Baskerville Ave W, Box 74, Dominion City, MB R0A0H0",(204) 427-2259,https://www.caredupon.ca/care-home/franklin-manor,done
183,https://www.google.com/search?q=Fred+Douglas+Apartments+Winnipeg,Assisted Living,Fred Douglas Apartments,Winnipeg,"1280, 1290 & 1300 Aberdeen Ave., Winnipeg, MB R2X 0X3",(204) 306-4617,https://www.freddouglassociety.com/independent-living/location/,done
184,https://www.google.com/search?q=Fred+Douglas+Courts+Winnipeg,Assisted Living,Fred Douglas Courts,Winnipeg,"1286 Aberdeen Ave., Winnipeg, MB R2X 0B8",(204) 306-4617,https://www.freddouglassociety.com/independent-living/location/,done
185,https://www.google.com/search?q=Friendship+Manor+Altona,Assisted Living,Friendship Manor,Altona,"235 8th Ave NE, Altona, MB R0G 0B0",(204) 324-5308,https://dignified.ca/en/place/2177/friendship-manor-altona,done
186,https://www.google.com/search?q=Garden+Park+Estates+Winkler,Assisted Living,Garden Park Estates,Winkler,"650 Pembina Ave, Winkler, MB R6W 1J1",(204) 362-7151,https://jacobmanagement.com/garden-park-estates/,done
187,https://www.google.com/search?q=Gateway+Manor+Inc.+Teulon,Assisted Living,Gateway Manor Inc.,Teulon,"169 Beach Rd, Teulon, MB R0C 3B0",(204) 886-2298,https://dignified.ca/en/place/2153/gateway-manor-inc,done
188,https://www.google.com/search?q=Glen+Haven+Manor+Glenboro,Assisted Living,Glen Haven Manor,Glenboro,"307 Lyall St, Glenboro, MB R0K 0X0",(204) 827-2772,https://dignified.ca/en/place/2251/glen-haven-manor-glenboro,done
189,https://www.google.com/search?q=Grunthal+Homes+Steinbach,Assisted Living,Grunthal Homes,Steinbach,"107 - 250 Main St, Steinbach, MB R5G 1Y8",(204) 785-5228,https://api.ltcam.mb.ca/Api/Query/Download/9ebfdd8a-3f3b-41d5-9b7a-74c26d4959f9/IndependentLiving.pdf,done
190,https://www.google.com/search?q=Harmony+House+Thompson,Assisted Living,Harmony House,Thompson,"15 Arctic Dr, Thompson, MB R8N 1S5",(204) 679-0067,https://api.ltcam.mb.ca/Api/Query/Download/9ebfdd8a-3f3b-41d5-9b7a-74c26d4959f9/IndependentLiving.pdf,done
191,https://www.google.com/search?q=Harrison+House+Newdale,Assisted Living,Harrison House,Newdale,"212 Firehall St., Newdale, MB R0J 1J0",(204) 849-2083,https://api.ltcam.mb.ca/Api/Query/Download/9ebfdd8a-3f3b-41d5-9b7a-74c26d4959f9/IndependentLiving.pdf,done
192,https://www.google.com/search?q=Heritage+Apts+Winkler,Assisted Living,Heritage Apts,Winkler,"102 - 346 6th Street, Winkler, MB R6W 4C6",(204) 325-8810,https://api.ltcam.mb.ca/Api/Query/Download/9ebfdd8a-3f3b-41d5-9b7a-74c26d4959f9/IndependentLiving.pdf,done
193,https://www.google.com/search?q=Heritage+Manor+Swan+Riveer,Assisted Living,Heritage Manor,Swan River,"203 8 Ave S, Swan River, MB R0L 1Z0",(204) 734-9321,https://www.caredupon.ca/care-home/heritage-manor,done
194,https://www.google.com/search?q=Heritage+Seniors+Housing+Independent+Living+with+Seniors+Rosenort,Assisted Living,Heritage Seniors Housing Independent Living with Seniors,Rosenort,"Box 14 Spruce Cres, Rosenort, MB R0G 1W0",(204) 746-2079,https://rmofmorris.ca/community/senior-services-homes/,done
195,https://www.google.com/search?q=Hill+View+Lodge+Austin,Assisted Living,Hill View Lodge,Austin,"36 1st Ave, Austin, MB R0H 0C0",(204) 637-2355,https://www.caredupon.ca/care-home/hill-view-lodge,done
196,https://www.google.com/search?q=Hillcrest+Manor+Winkler,Assisted Living,Hillcrest Manor,Winkler,"244 Main St, Winkler, MB R6W 2L8",(204) 324-5308,https://dignified.ca/en/place/2310/hillcrest-manor-winkler,done
197,https://www.google.com/search?q=Hobbs+Manor+Brandon,Assisted Living,Hobbs Manor,Brandon,"333 15th Street, Brandon, MB R7A 6P4",(204) 728-3151,http://www.economicdevelopmentbrandon.com/seniors-housing,done
198,https://www.google.com/search?q=Homestead+Manitoba+Ltd+Winnipeg,Assisted Living,Homestead Manitoba Ltd,Winnipeg,"1145 Dakota St, Winnipeg, MB R2N 0A4",(204) 663-4983,http://homesteadmanitoba.ca/dakota-house-assisted-living-st-vital-winnipeg/,done
199,https://www.google.com/search?q=Homestead+South+Morden+Morden,Assisted Living,Homestead South Morden,Morden,"400 Loren Dr, Morden, MB R6M 0E2",(204) 822-1237,http://homesteadmanitoba.ca/homestead-south-assisted-living-morden/,done
200,https://www.google.com/search?q=House+of+Hope+&+Mary+Thorararinson+Arborg,Assisted Living,House of Hope & Mary Thorararinson,Arborg,"MB-68, Arborg, MB R0C 0A0",(204) 268-7421,https://www.caredupon.ca/care-home/house-of-hope--mary-thorararinson,done
201,https://www.google.com/search?q=Icelandic+River+Lodge+Independent+Living+Riverton,Assisted Living,Icelandic River Lodge Independent Living,Riverton,"64 Main St. North, Riverton, MB R0C 2R0",(204) 378-2937,https://www.bifrostriverton.ca/business/165-medical-dental-health-care/778-arborg-s-primary-health-care-centre,done
202,https://www.google.com/search?q=Inglis+Retirement+Home+Inglis,Assisted Living,Inglis Retirement Home,Inglis,"139 Blighty St, Inglis, MB R0J 0X0",(204) 937-8326,https://dignified.ca/en/place/2220/139-blighty-st-s,done
203,https://www.google.com/search?q=Isabel+Avenue+West+Kelwood,Assisted Living,Isabel Avenue West,Kelwood,"Isabel Ave W, Kelwood, MB R0J 0Y0",(204) 622-2092,https://api.ltcam.mb.ca/Api/Query/Download/9ebfdd8a-3f3b-41d5-9b7a-74c26d4959f9/IndependentLiving.pdf,done
204,https://www.google.com/search?q=Kildonan+House+Winnipeg,Assisted Living,Kildonan House,Winnipeg,"216 Edison Ave, Winnipeg, MB R2G 4H7",(204) 338-8182,http://homesteadmanitoba.ca/kildonan-house-assisted-living-north-kildonan/,done
205,https://www.google.com/search?q=Kin+Glen+Home+Portage+La+Prairie,Assisted Living,Kin Glen Home,Portage la Prairie,"104 3 St NW, Portage la Prairie, MB R1N 2C2",(204) 857-6431,https://www.allbiz.ca/kin-glen-home_1k-204-857-6431,done
206,https://www.google.com/search?q=Legion+House+1+Morden,Assisted Living,Legion House 1,Morden,"275 N Railway St, Morden, MB R6M 2C7",(204) 822-6596,https://dignified.ca/en/place/2308/legion-house-1,done
207,https://www.google.com/search?q=Legion+House+2+Morden,Assisted Living,Legion House 2,Morden,"265 N Railway St, Morden, MB R6M 1W5",(204) 823-4588,https://dignified.ca/en/place/2307/legion-house-2,done
208,https://www.google.com/search?q=Legion+Place+Retirement+Home+Gladstone,Assisted Living,Legion Place Retirement Home,Gladstone,"83 Dennis St, Gladstone, MB R0J 0T0",(204) 385-2305,https://www.caredupon.ca/care-home/legion-place-retirement-home?source=care-homes,done
209,https://www.google.com/search?q=Lindenwood+Manor+Winnipeg,Assisted Living,Lindenwood Manor,Winnipeg,"475 Lindenwood Dr. E., Winnipeg, MB R3P 2P3",(204) 475-9990,https://lindenwood.ca/assisted-living,done
210,https://www.google.com/search?q=Lindenwood+Terrace+Winnipeg,Assisted Living,Lindenwood Terrace,Winnipeg,"490 Lindenwood Dr. E., Winnipeg, MB R3P 0Y5",(204) 489-2112,https://lindenwood.ca/assisted-living,done
211,https://www.google.com/search?q=Lions+Manor+Winnipeg,Assisted Living,Lions Manor,Winnipeg,"320 Sherbrook St, Winnipeg, MB R3B 2W6",(204) 784-1239,https://www.lhc.ca/lions-manor,done
212,https://www.google.com/search?q=Lorray+Manor+Parkland+Assisted+Living+Inc+Dauphin,Assisted Living,Lorray Manor Parkland Assisted Living Inc,Dauphin,"405 6th Ave SE, Dauphin, MB R7N 2C9",(204) 638-4842,https://lorraymanor.ca/index.php/contact,done
213,https://www.google.com/search?q=Manoir+De+La+Cathedrale+Manor+Winnipeg,Assisted Living,Manoir De La Cathedrale Manor,Winnipeg,"321 Avenue De la Cathédrale, Winnipeg, MB R2H 0A3",(204) 231-2277,https://www.cathedralemanor.ca/contact,done
214,https://www.google.com/search?q=Marv+Elks+Memorial+Home+Winnipegosis,Assisted Living,Marv Elks Memorial Home,Winnipegosis,"115- 3rd St, Winnipegosis, MB R0L 2G0",(204) 656-4031,https://www.caredupon.ca/care-home/marv-elks-memorial-home,done
215,https://www.google.com/search?q=Mary+Thorarinson+Estates+Arborg,Assisted Living,Mary Thorarinson Estates,Arborg,"341 Ingolfs St, Arborg, MB R0C 0A0",(204) 376-3087,https://www.google.com/search?q=Mary+Thorarinson+Estates+Arborg,done
216,https://www.google.com/search?q=Metropolitan+Kiwanis+Courts+Winnipeg,Assisted Living,Metropolitan Kiwanis Courts,Winnipeg,"2300 Ness Ave, Winnipeg, MB R3J 1A2",(204) 885-7700,https://www.kiwaniscourts.ca,done
217,https://www.google.com/search?q=Neepawa+Elks+Manor+Neepawa,Assisted Living,Neepawa Elks Manor,Neepawa,"525 1 Ave, Neepawa, MB R0J 1H0",(204) 476-2112,https://www.elksofcanada.ca/manitoba-lodges,done
218,https://www.google.com/search?q=Parkissimo+Lodge+Inc+Miniota,Assisted Living,Parkissimo Lodge Inc,Miniota,"156 N Railway Ave, Miniota, MB R0M 1M0",(204) 567-3713,https://retirementhomes.com/d/ca/all/manitoba/miniota/parkissimo-lodge,done
219,https://www.google.com/search?q=Parkview+Apartments+Steinbach,Assisted Living,Parkview Apartments,Steinbach,"177 Woodhaven Ave, Steinbach, MB R5G 1K7",(204) 346-0126,https://www.caredupon.ca/care-home/parkview-apartments,done
220,https://www.google.com/search?q=Portsmouth+Retirement+Residence+Winnipeg,Assisted Living,Portsmouth Retirement Residence,Winnipeg,"125 Portsmouth Blvd, Winnipeg, MB R3P 2M3",(204) 284-5432,https://reveraliving.com/en/live-with-us/manitoba/winnipeg/portsmouth,done
221,https://www.google.com/search?q=River+Ridge+l+Retirement+Residence+(All+Seniors+Care)+Winnipeg,Assisted Living,River Ridge l Retirement Residence (All Seniors Care),Winnipeg,"50 Ridgecrest Avenue, Winnipeg, MB R2V 4Z4",(204) 589-2273,https://www.allseniorscare.com/river-ridge-retirement-residence/,done
222,https://www.google.com/search?q=River+Ridge+ll+Retirement+Residence+(All+Seniors+Care)+Winnipeg,Assisted Living,River Ridge ll Retirement Residence (All Seniors Care),Winnipeg,"2701 Scotia St, Winnipeg, MB R2V 5A5",(204) 586-2273,https://www.allseniorscare.com/residence/river-ridge-ii-retirement-residence/,done
223,https://www.google.com/search?q=Riverheights+Terrace+Brandon,Assisted Living,Riverheights Terrace,Brandon,"4525 Victoria Ave, Brandon, MB R7B 4A6",(204) 725-2225,https://www.facebook.com/AtriaRiverheightsTerrace/,done
224,https://www.google.com/search?q=Riverside+lions+Senior+Residences+Winnipeg,Assisted Living,Riverside lions Senior Residences,Winnipeg,"180 Worthington Ave, Winnipeg, MB R2M 1S4",(204) 255-8940,https://riversidelions.mb.ca,done
225,https://www.google.com/search?q=Riverwood+Square+-+The+Landing+Winnipeg,Assisted Living,Riverwood Square - The Landing,Winnipeg,"1778 Pembina Hwy, Winnipeg, MB R3T 1R2",(204) 275-7632,https://riverwoodsquare.com/the-landing-assisted-independent-living/,done
226,https://www.google.com/search?q=Rorketon+Retirement+Home+Rorketon,Assisted Living,Rorketon Retirement Home,Rorketon,"Railway Ave, Main St. W, Rorketon, MB R0L 1X0",(204) 622-2092,https://api.ltcam.mb.ca/Api/Query/Download/9ebfdd8a-3f3b-41d5-9b7a-74c26d4959f9/IndependentLiving.pdf,done
227,https://www.google.com/search?q=Rotary+Place+Thompson,Assisted Living,Rotary Place,Thompson,"424 Westwood Dr, Thompson, MB R8N 0G9",(204) 677-9676,https://search.helpseeker.org/canada/manitoba/thompson/rotary-place-thompson,done
228,https://www.google.com/search?q=Rotary+Villas+at+Crocus+Gardens+Brandon,Assisted Living,Rotary Villas at Crocus Gardens,Brandon,"Unit E – 1340 10th Street, Brandon, MB R7A 6Z3",(204) 725-1340,https://rotaryvillas.ca,done
229,https://www.google.com/search?q=Seine+River+Retirement+Residence+(All+Seniors+Care)+Winnipeg,Assisted Living,Seine River Retirement Residence (All Seniors Care),Winnipeg,"1015 St Anne's Rd, Winnipeg, MB R2N 0E6",(204) 256-8877,https://www.allseniorscare.com/residence/seine-river-retirement-residence/,done
230,https://www.google.com/search?q=Selkirk+Lions+Centre+2¬†+Selkirk,Assisted Living,Selkirk Lions Centre 2,Selkirk,"316 Christie Av, Selkirk, MB R1A 2L6",(204) 482-3949,https://www.caredupon.ca/care-home/selkirk-lions-centre-2,done
231,https://www.google.com/search?q=Shaftesbury+Park+Retirement+Residence+(All+Seniors+Care)+Winnipeg,Assisted Living,Shaftesbury Park Retirement Residence (All Seniors Care),Winnipeg,"905 Shaftesbury Blvd, Winnipeg, MB R3P 0Y3",(204) 885-7272,https://www.allseniorscare.com/residence/shaftesbury-park/,done
232,https://www.google.com/search?q=Sokol+Manor+Inc+Brandon,Assisted Living,Sokol Manor Inc,Brandon,"30 13th St N, Brandon, MB R7A 6T1",(204) 725-0629,http://manor.sokolseniorshousing.ca,done
233,https://www.google.com/search?q=Springfield+Place+-+Independent+Living+Oakbank,Assisted Living,Springfield Place - Independent Living,Oakbank,"200 – 628 Main St, Oakbank, MB R0E 1J0",(204) 444-3132,http://www.springfieldseniors.ca/about/contact.asp,done
234,https://www.google.com/search?q=Spruce+Manor+Dauphin,Assisted Living,Spruce Manor,Dauphin,"14 6th Ave NW, Dauphin, MB R7N 1J6",(204) 638-5947,https://www.caredupon.ca/care-home/spruce-manor,done
235,https://www.google.com/search?q=St+Georges+Place+Dauphin,Assisted Living,St Georges Place,Dauphin,"100 Cruise Crescent, Dauphin, MB R7N 3L6",(204) 638-3041,https://www.caredupon.ca/care-home/st-georges-place,done
236,https://www.google.com/search?q=St+Johns+Haven+Inc+Winnipeg,Assisted Living,St Johns Haven Inc,Winnipeg,"1015 Grant Avenue, Winnipeg, MB R3M 1Y3",(204) 284-2422,https://www.aosupportservices.ca/our-three-pillars/counselling-services/housing/housing-directory/3117/st-johns-haven-inc/,done
237,https://www.google.com/search?q=Sterling+House+Winnipeg,Assisted Living,Sterling House,Winnipeg,"909 Wilkes Ave, Winnipeg, MB R3P 2S5",(204) 489-4745,http://homesteadmanitoba.ca/assisted-living-properties-winnipeg-morden/,done
238,https://www.google.com/search?q=Stonewall+and+District+Lion+Manor+Stonewall,Assisted Living,Stonewall and District Lion Manor,Stonewall,"622 Centre av, Stonewall, MB R0C 2Z0",(204) 467-8531,http://stonewallmanor.ca/contact.html,done
239,https://www.google.com/search?q=Stony+Plains+Place+Beausejour,Assisted Living,Stony Plains Place,Beausejour,"646 James Avenue, Beausejour, MB R0E 0C0",(204) 753-3100,https://dignified.ca/en/place/2161/stoney-plains-terrace,done
240,https://www.google.com/search?q=Strathcona+Belcrest+Manor+Belmont,Assisted Living,Strathcona Belcrest Manor,Belmont,"PO Box 125, Belmont, MB R0K 1C0",(204) 537-2723,https://www.gov.mb.ca/housing/pubs/sponsor_managed_social_housing_2014.pdf,done
241,https://www.google.com/search?q=Sturegon+Creek+l+Retirement+Residence+(All+Seniors+Care)+Winnipeg,Assisted Living,Sturegon Creek l Retirement Residence (All Seniors Care),Winnipeg,"10 Hallonquist Drive, Winnipeg, MB R2Y 2M5",(204) 885-0303,https://www.allseniorscare.com/residence/sturgeon-creek-retirement-residence/,done
242,https://www.google.com/search?q=Sturegon+Creek+ll+Retirement+Residence+(All+Seniors+Care)+Winnipeg,Assisted Living,Sturegon Creek ll Retirement Residence (All Seniors Care),Winnipeg,"707 Setter St, Winnipeg, MB R2Y 0A4",(204) 885-0303,https://www.aosupportservices.ca/our-three-pillars/counselling-services/housing/housing-directory/3087/sturgeon-creek-2-retirement-residence-assisted-living/,done
243,https://www.google.com/search?q=The+Boulton+Retirement+Residence¬†+Winnipeg,Assisted Living,The Boulton Retirement Residence,Winnipeg,"100-45 Boulton Bay, Winnipeg, Manitoba R3N 2C3",(204) 475-4500,https://www.theboulton.ca,done
244,https://www.google.com/search?q=The+Gardens+on+Tenth+-+The+Apartments+Altona,Assisted Living,The Gardens on Tenth - The Apartments,Altona,"235 5th St NE, Altona, MB R0G 0B7",(204) 324-8945,https://gardensontenth.ca/the-apartments/,done
245,https://www.google.com/search?q=The+Gardens+on+Tenth+-+The+Gardens+Altona,Assisted Living,The Gardens on Tenth - The Gardens,Altona,"140 10th Ave NE, Altona, MB R0G 0B7",(204) 324-8945,https://gardensontenth.ca/the-gardens/,done
246,https://www.google.com/search?q=The+Gardens+on+Tenth+-+The+Manor+Altona,Assisted Living,The Gardens on Tenth - The Manor,Altona,"223 5th St NE, Altona, MB R0G 0B7",(204) 324-8945,https://gardensontenth.ca/the-manor/,done
247,https://www.google.com/search?q=The+Gardens+on+Tenth+-+The+Units+Altona,Assisted Living,The Gardens on Tenth - The Units,Altona,"263 5th St NE, Altona, MB R0G 0B7",(204) 324-8945,https://gardensontenth.ca/the-units/,done
248,https://www.google.com/search?q=The+Ironwood+Independent+Living+Pinawa,Assisted Living,The Ironwood Independent Living,Pinawa,"40 Vanier Ave, Pinawa, MB R0E 1L0",(204) 753-2105,https://www.pinawa.com/p/the-ironwood-gardens,done
249,https://www.google.com/search?q=The+Parkway+Retirement+Community+Winnipeg,Assisted Living,The Parkway Retirement Community,Winnipeg,"85 Paget St, Winnipeg, MB R3P 0Y8",(204) 487-8500,http://theparkway.ca,done
250,https://www.google.com/search?q=The+Waverley+Retirement+Living+Winnipeg,Assisted Living,The Waverley Retirement Living,Winnipeg,"857 Wilkes Ave, Winnipeg, MB R3P 2M2",(204) 487-9600,https://reveraliving.com/en/live-with-us/manitoba/winnipeg/the-waverley,done
251,https://www.google.com/search?q=The+Wellington+Retirement+Living+Winnipeg,Assisted Living,The Wellington Retirement Living,Winnipeg,"3161 Grant Ave, Winnipeg, MB R3R 3R1",(204) 831-0788,https://reveraliving.com/en/live-with-us/manitoba/winnipeg/the-wellington,done
252,https://www.google.com/search?q=The+Westhaven+Winnipeg,Assisted Living,The Westhaven,Winnipeg,"3033 Portage Ave, Winnipeg, MB R3K 2E3",(204) 831-6742,https://atriaretirement.ca/retirement-communities/atria-canada-westhaven-winnipeg-mb/,done
253,https://www.google.com/search?q=Victoria+Landing+Retirement+Residence+(All+Seniors+Care)+Brandon,Assisted Living,Victoria Landing Retirement Residence (All Seniors Care),Brandon,"10 Victoria Ave E, Brandon, MB R7A 1Y8",(204) 571-6000,https://www.allseniorscare.com/residence/victoria-landing-retirement-residence/,done
254,https://www.google.com/search?q=Villa+Aulneau+Winnipeg,Assisted Living,Villa Aulneau,Winnipeg,"601 Rue Aulneau #10, Winnipeg, MB R2H 2V5",(204) 594-6300,https://www.villaaulneau.ca/main.php?p=25,done
255,https://www.google.com/search?q=Villa+Cabrini+Inc+WInnipeg,Assisted Living,Villa Cabrini Inc,Winnipeg,"433 River Ave, Winnipeg, MB R3L 2V1",(204) 982-2000,https://www.lifelease.ca/non-profit-rental-housing-projects/villa-cabrini-winnipeg-manitoba/,done
256,https://www.google.com/search?q=Villa+Youville+Ste.+Anne,Assisted Living,Villa Youville,Sainte-Anne-des-Chênes,"15 Charrière Road, Sainte-Anne-des-Chênes, MB R5H 1C9",(204) 422-5624,https://villayouville.ca/visit-us/?lang=en,done
257,https://www.google.com/search?q=Visions+of+Independence+-+St.+Claude+Group+Home+St.+Claude,Assisted Living,Visions of Independence - St. Claude Group Home,St. Claude,"Home 49 Radaz St, St. Claude, MB R0G 1Z0",(204) 379-2364,https://www.caredupon.ca/care-home/visions-of-independence-st--claude-group,done
258,https://www.google.com/search?q=Woodland+Courts+Selkirk,Assisted Living,Woodland Courts,Selkirk,"387 Annie St, Selkirk, MB R1A 3Y8",(204) 785-1066,http://mytudor.ca/woodland-courts/,done
259,https://www.google.com/search?q=ArlingtonHaus+Winnipeg,Supportive Housing,ArlingtonHaus,Winnipeg,"880 Arlington St, Winnipeg, MB R3E 2E4",(204) 783-3752,https://bethania.ca/services/bethania-housing-options/arlingtonhaus/arlingtonhaus-supportive-housing/,done
260,https://www.google.com/search?q=Cedarwood+Supportive+Housing+Steinbach,Supportive Housing,Cedarwood Supportive Housing,Steinbach,"510 Wilson St, Steinbach, MB R5G 1J9",(204) 346-0126,https://havengroup.ca/wp-content/uploads/2020/07/Haven-Group-Tenant-Handbooks-Cedarwood.pdf,done
261,https://www.google.com/search?q=Chalet+Malouin+Supportive+Housing+Saint+Malo,Supportive Housing,Chalet Malouin Supportive Housing,Saint Malo,"Box 1010, 14 St. Hilaire St., Saint Malo, MB R0A 1T0",(204) 347-5753,https://www.chaletmalouin.com/contact-us.html,done
262,https://www.google.com/search?q=Chez+Nous+Winnipeg,Supportive Housing,Chez Nous,Winnipeg,"187 Avenue de la Cathédrale, Winnipeg, MB R2H 3C6",(204) 233-3692,https://www.ltcam.mb.ca/members/Chez+Nous,done
263,https://www.google.com/search?q=Fred+Douglas+Heritage+House+Winnipeg,Supportive Housing,Fred Douglas Heritage House,Winnipeg,"100 The Promenade, Winnipeg, MB R3B 3H9",(204) 949-9027,https://www.freddouglassociety.com/supportive-housing/difficult-decisions/,done
264,https://www.google.com/search?q=Greendale+Estate+Supportive+Housing+Grunthal,Supportive Housing,Greendale Estate Supportive Housing,Grunthal,"231 Park Street, Box 1249, Grunthal, MB R0A 0R0",(204) 434-6928,https://greendaleestate.ca,done
265,https://www.google.com/search?q=Happy+Haven+Home+Dauphin,Supportive Housing,Happy Haven Home,Dauphin,"116 Whitmore Ave W, Dauphin, MB R7N 2S7",(204) 622-2092,https://dignified.ca/en/place/2329/happy-haven-home,done
266,https://www.google.com/search?q=Irene+Baron+Eden+Centre+Winnipeg,Supportive Housing,Irene Baron Eden Centre,Winnipeg,"1385 Molson St, Winnipeg, MB R2K 1E4",(204) 667-7747,http://www.ib-ec.ca,done
267,https://www.google.com/search?q=Neil+Gaudry+Centre+St.+Laurent,Supportive Housing,Neil Gaudry Centre,St. Laurent,"51 Parish Lane PO Box 433, St. Laurent, MB R0C 2S0",(204) 646-2160,https://www.rmstlaurent.com/assisted-living,done
268,https://www.google.com/search?q=Residence+Despins+Supportive+Housing+Winnipeg,Supportive Housing,Residence Despins Supportive Housing,Winnipeg,"151 Rue Despins, Winnipeg, MB R2H 0L7",(204) 480-2900,https://www.resdespins.ca/english/contact.php,done